alpha	cutoff	delta	gamma	idForProcess	language	model	script
1.0	2	1.0	1	8143052	Afrikaans_2.8	None	forWords_Finnish_OptimizeOrder_Coarse_FineSurprisal_Stoch_Adap_OnlyDLM
1.0	2	1.0	1	7464813	Afrikaans_2.8	None	forWords_Finnish_OptimizeOrder_Coarse_FineSurprisal_Stoch_Adap_OnlyDLM
1.0	2	1.0	1	6596734	Afrikaans_2.8	None	forWords_Finnish_OptimizeOrder_Coarse_FineSurprisal_Stoch_Adap_OnlyDLM
1.0	2	1.0	1	2502001	Afrikaans_2.8	None	forWords_Finnish_OptimizeOrder_Coarse_FineSurprisal_Stoch_Adap_OnlyDLM
1.0	2	1.0	1	1923241	Afrikaans_2.8	None	forWords_Finnish_OptimizeOrder_Coarse_FineSurprisal_Stoch_Adap_OnlyDLM
1.0	2	1.0	1	2514843	Afrikaans_2.8	None	forWords_Finnish_OptimizeOrder_Coarse_FineSurprisal_Stoch_Adap_OnlyDLM
1.0	2	1.0	1	5416215	Afrikaans_2.8	None	forWords_Finnish_OptimizeOrder_Coarse_FineSurprisal_Stoch_Adap_OnlyDLM
1.0	2	1.0	1	8263738	Afrikaans_2.8	None	forWords_Finnish_OptimizeOrder_Coarse_FineSurprisal_Stoch_Adap_OnlyDLM
1.0	2	1.0	1	9701913	Afrikaans_2.8	None	forWords_Finnish_OptimizeOrder_Coarse_FineSurprisal_Stoch_Adap_OnlyDLM
1.0	2	1.0	1	3967880	Afrikaans_2.8	None	forWords_Finnish_OptimizeOrder_Coarse_FineSurprisal_Stoch_Adap_OnlyDLM
1.0	2	1.0	1	4964141	Akkadian_2.8	None	forWords_Finnish_OptimizeOrder_Coarse_FineSurprisal_Stoch_Adap_OnlyDLM
1.0	2	1.0	1	4156600	Akkadian_2.8	None	forWords_Finnish_OptimizeOrder_Coarse_FineSurprisal_Stoch_Adap_OnlyDLM
1.0	2	1.0	1	431371	Akkadian_2.8	None	forWords_Finnish_OptimizeOrder_Coarse_FineSurprisal_Stoch_Adap_OnlyDLM
1.0	2	1.0	1	1641316	Akkadian_2.8	None	forWords_Finnish_OptimizeOrder_Coarse_FineSurprisal_Stoch_Adap_OnlyDLM
1.0	2	1.0	1	2775684	Akkadian_2.8	None	forWords_Finnish_OptimizeOrder_Coarse_FineSurprisal_Stoch_Adap_OnlyDLM
1.0	2	1.0	1	9924919	Akkadian_2.8	None	forWords_Finnish_OptimizeOrder_Coarse_FineSurprisal_Stoch_Adap_OnlyDLM
1.0	2	1.0	1	3043553	Akkadian_2.8	None	forWords_Finnish_OptimizeOrder_Coarse_FineSurprisal_Stoch_Adap_OnlyDLM
1.0	2	1.0	1	2413884	Akkadian_2.8	None	forWords_Finnish_OptimizeOrder_Coarse_FineSurprisal_Stoch_Adap_OnlyDLM
1.0	2	1.0	1	9777424	Akkadian_2.8	None	forWords_Finnish_OptimizeOrder_Coarse_FineSurprisal_Stoch_Adap_OnlyDLM
1.0	2	1.0	1	9912823	Akkadian_2.8	None	forWords_Finnish_OptimizeOrder_Coarse_FineSurprisal_Stoch_Adap_OnlyDLM
1.0	2	1.0	1	2759065	Amharic_2.8	None	forWords_Finnish_OptimizeOrder_Coarse_FineSurprisal_Stoch_Adap_OnlyDLM
1.0	2	1.0	1	2132544	Amharic_2.8	None	forWords_Finnish_OptimizeOrder_Coarse_FineSurprisal_Stoch_Adap_OnlyDLM
1.0	2	1.0	1	2777384	Amharic_2.8	None	forWords_Finnish_OptimizeOrder_Coarse_FineSurprisal_Stoch_Adap_OnlyDLM
1.0	2	1.0	1	7473896	Amharic_2.8	None	forWords_Finnish_OptimizeOrder_Coarse_FineSurprisal_Stoch_Adap_OnlyDLM
1.0	2	1.0	1	8393864	Amharic_2.8	None	forWords_Finnish_OptimizeOrder_Coarse_FineSurprisal_Stoch_Adap_OnlyDLM
1.0	2	1.0	1	5002527	Amharic_2.8	None	forWords_Finnish_OptimizeOrder_Coarse_FineSurprisal_Stoch_Adap_OnlyDLM
1.0	2	1.0	1	142344	Amharic_2.8	None	forWords_Finnish_OptimizeOrder_Coarse_FineSurprisal_Stoch_Adap_OnlyDLM
1.0	2	1.0	1	9114128	Amharic_2.8	None	forWords_Finnish_OptimizeOrder_Coarse_FineSurprisal_Stoch_Adap_OnlyDLM
1.0	2	1.0	1	8047292	Amharic_2.8	None	forWords_Finnish_OptimizeOrder_Coarse_FineSurprisal_Stoch_Adap_OnlyDLM
1.0	2	1.0	1	7812502	Amharic_2.8	None	forWords_Finnish_OptimizeOrder_Coarse_FineSurprisal_Stoch_Adap_OnlyDLM
1.0	2	1.0	1	771349	Amharic_2.8	None	forWords_Finnish_OptimizeOrder_Coarse_FineSurprisal_Stoch_Adap_OnlyDLM
1.0	2	1.0	1	2849856	Amharic_2.8	None	forWords_Finnish_OptimizeOrder_Coarse_FineSurprisal_Stoch_Adap_OnlyDLM
1.0	2	1.0	1	9301	Amharic_2.8	None	forWords_Finnish_OptimizeOrder_Coarse_FineSurprisal_Stoch_Adap_OnlyDLM
1.0	2	1.0	1	802731	Ancient_Greek_2.8	None	forWords_Finnish_OptimizeOrder_Coarse_FineSurprisal_Stoch_Adap_OnlyDLM
1.0	2	1.0	1	4107551	Ancient_Greek_2.8	None	forWords_Finnish_OptimizeOrder_Coarse_FineSurprisal_Stoch_Adap_OnlyDLM
1.0	2	1.0	1	844062	Ancient_Greek_2.8	None	forWords_Finnish_OptimizeOrder_Coarse_FineSurprisal_Stoch_Adap_OnlyDLM
1.0	2	1.0	1	3124186	Ancient_Greek_2.8	None	forWords_Finnish_OptimizeOrder_Coarse_FineSurprisal_Stoch_Adap_OnlyDLM
1.0	2	1.0	1	6848978	Ancient_Greek_2.8	None	forWords_Finnish_OptimizeOrder_Coarse_FineSurprisal_Stoch_Adap_OnlyDLM
1.0	2	1.0	1	7670790	Ancient_Greek_2.8	None	forWords_Finnish_OptimizeOrder_Coarse_FineSurprisal_Stoch_Adap_OnlyDLM
1.0	2	1.0	1	702509	Ancient_Greek_2.8	None	forWords_Finnish_OptimizeOrder_Coarse_FineSurprisal_Stoch_Adap_OnlyDLM
1.0	2	1.0	1	1351685	Ancient_Greek_2.8	None	forWords_Finnish_OptimizeOrder_Coarse_FineSurprisal_Stoch_Adap_OnlyDLM
1.0	2	1.0	1	1217900	Ancient_Greek_2.8	None	forWords_Finnish_OptimizeOrder_Coarse_FineSurprisal_Stoch_Adap_OnlyDLM
1.0	2	1.0	1	645006	Ancient_Greek_2.8	None	forWords_Finnish_OptimizeOrder_Coarse_FineSurprisal_Stoch_Adap_OnlyDLM
1.0	2	1.0	1	9985072	Ancient_Greek_2.8	None	forWords_Finnish_OptimizeOrder_Coarse_FineSurprisal_Stoch_Adap_OnlyDLM
1.0	2	1.0	1	1196223	Ancient_Greek_2.8	None	forWords_Finnish_OptimizeOrder_Coarse_FineSurprisal_Stoch_Adap_OnlyDLM
1.0	2	1.0	1	5401421	Ancient_Greek_2.8	None	forWords_Finnish_OptimizeOrder_Coarse_FineSurprisal_Stoch_Adap_OnlyDLM
1.0	2	1.0	1	5434194	Ancient_Greek_2.8	None	forWords_Finnish_OptimizeOrder_Coarse_FineSurprisal_Stoch_Adap_OnlyDLM
1.0	2	1.0	1	6947533	Ancient_Greek_2.8	None	forWords_Finnish_OptimizeOrder_Coarse_FineSurprisal_Stoch_Adap_OnlyDLM
1.0	2	1.0	1	4952174	Arabic_2.8	None	forWords_Finnish_OptimizeOrder_Coarse_FineSurprisal_Stoch_Adap_OnlyDLM
1.0	2	1.0	1	5375779	Arabic_2.8	None	forWords_Finnish_OptimizeOrder_Coarse_FineSurprisal_Stoch_Adap_OnlyDLM
1.0	2	1.0	1	9284393	Arabic_2.8	None	forWords_Finnish_OptimizeOrder_Coarse_FineSurprisal_Stoch_Adap_OnlyDLM
1.0	2	1.0	1	1861052	Arabic_2.8	None	forWords_Finnish_OptimizeOrder_Coarse_FineSurprisal_Stoch_Adap_OnlyDLM
1.0	2	1.0	1	342493	Arabic_2.8	None	forWords_Finnish_OptimizeOrder_Coarse_FineSurprisal_Stoch_Adap_OnlyDLM
1.0	2	1.0	1	9277645	Arabic_2.8	None	forWords_Finnish_OptimizeOrder_Coarse_FineSurprisal_Stoch_Adap_OnlyDLM
1.0	2	1.0	1	3603405	Arabic_2.8	None	forWords_Finnish_OptimizeOrder_Coarse_FineSurprisal_Stoch_Adap_OnlyDLM
1.0	2	1.0	1	2725000	Arabic_2.8	None	forWords_Finnish_OptimizeOrder_Coarse_FineSurprisal_Stoch_Adap_OnlyDLM
1.0	2	1.0	1	4844884	Arabic_2.8	None	forWords_Finnish_OptimizeOrder_Coarse_FineSurprisal_Stoch_Adap_OnlyDLM
1.0	2	1.0	1	1006779	Arabic_2.8	None	forWords_Finnish_OptimizeOrder_Coarse_FineSurprisal_Stoch_Adap_OnlyDLM
1.0	2	1.0	1	6839280	Armenian_2.8	None	forWords_Finnish_OptimizeOrder_Coarse_FineSurprisal_Stoch_Adap_OnlyDLM
1.0	2	1.0	1	3995451	Armenian_2.8	None	forWords_Finnish_OptimizeOrder_Coarse_FineSurprisal_Stoch_Adap_OnlyDLM
1.0	2	1.0	1	4318174	Armenian_2.8	None	forWords_Finnish_OptimizeOrder_Coarse_FineSurprisal_Stoch_Adap_OnlyDLM
1.0	2	1.0	1	3316317	Armenian_2.8	None	forWords_Finnish_OptimizeOrder_Coarse_FineSurprisal_Stoch_Adap_OnlyDLM
1.0	2	1.0	1	2686098	Armenian_2.8	None	forWords_Finnish_OptimizeOrder_Coarse_FineSurprisal_Stoch_Adap_OnlyDLM
1.0	2	1.0	1	4874830	Armenian_2.8	None	forWords_Finnish_OptimizeOrder_Coarse_FineSurprisal_Stoch_Adap_OnlyDLM
1.0	2	1.0	1	4266765	Armenian_2.8	None	forWords_Finnish_OptimizeOrder_Coarse_FineSurprisal_Stoch_Adap_OnlyDLM
1.0	2	1.0	1	4700356	Armenian_2.8	None	forWords_Finnish_OptimizeOrder_Coarse_FineSurprisal_Stoch_Adap_OnlyDLM
1.0	2	1.0	1	531917	Armenian_2.8	None	forWords_Finnish_OptimizeOrder_Coarse_FineSurprisal_Stoch_Adap_OnlyDLM
1.0	2	1.0	1	9781875	Armenian_2.8	None	forWords_Finnish_OptimizeOrder_Coarse_FineSurprisal_Stoch_Adap_OnlyDLM
1.0	2	1.0	1	4430540	Armenian_2.8	None	forWords_Finnish_OptimizeOrder_Coarse_FineSurprisal_Stoch_Adap_OnlyDLM
1.0	2	1.0	1	3556290	Bambara_2.8	None	forWords_Finnish_OptimizeOrder_Coarse_FineSurprisal_Stoch_Adap_OnlyDLM
1.0	2	1.0	1	6050994	Bambara_2.8	None	forWords_Finnish_OptimizeOrder_Coarse_FineSurprisal_Stoch_Adap_OnlyDLM
1.0	2	1.0	1	5670472	Bambara_2.8	None	forWords_Finnish_OptimizeOrder_Coarse_FineSurprisal_Stoch_Adap_OnlyDLM
1.0	2	1.0	1	6028576	Bambara_2.8	None	forWords_Finnish_OptimizeOrder_Coarse_FineSurprisal_Stoch_Adap_OnlyDLM
1.0	2	1.0	1	9810303	Bambara_2.8	None	forWords_Finnish_OptimizeOrder_Coarse_FineSurprisal_Stoch_Adap_OnlyDLM
1.0	2	1.0	1	7833396	Bambara_2.8	None	forWords_Finnish_OptimizeOrder_Coarse_FineSurprisal_Stoch_Adap_OnlyDLM
1.0	2	1.0	1	8243561	Bambara_2.8	None	forWords_Finnish_OptimizeOrder_Coarse_FineSurprisal_Stoch_Adap_OnlyDLM
1.0	2	1.0	1	8857176	Bambara_2.8	None	forWords_Finnish_OptimizeOrder_Coarse_FineSurprisal_Stoch_Adap_OnlyDLM
1.0	2	1.0	1	2592948	Bambara_2.8	None	forWords_Finnish_OptimizeOrder_Coarse_FineSurprisal_Stoch_Adap_OnlyDLM
1.0	2	1.0	1	459796	Bambara_2.8	None	forWords_Finnish_OptimizeOrder_Coarse_FineSurprisal_Stoch_Adap_OnlyDLM
1.0	2	1.0	1	1361311	Basque_2.8	None	forWords_Finnish_OptimizeOrder_Coarse_FineSurprisal_Stoch_Adap_OnlyDLM
1.0	2	1.0	1	2644508	Basque_2.8	None	forWords_Finnish_OptimizeOrder_Coarse_FineSurprisal_Stoch_Adap_OnlyDLM
1.0	2	1.0	1	4853175	Basque_2.8	None	forWords_Finnish_OptimizeOrder_Coarse_FineSurprisal_Stoch_Adap_OnlyDLM
1.0	2	1.0	1	6919094	Basque_2.8	None	forWords_Finnish_OptimizeOrder_Coarse_FineSurprisal_Stoch_Adap_OnlyDLM
1.0	2	1.0	1	6285971	Basque_2.8	None	forWords_Finnish_OptimizeOrder_Coarse_FineSurprisal_Stoch_Adap_OnlyDLM
1.0	2	1.0	1	3527023	Basque_2.8	None	forWords_Finnish_OptimizeOrder_Coarse_FineSurprisal_Stoch_Adap_OnlyDLM
1.0	2	1.0	1	6217118	Basque_2.8	None	forWords_Finnish_OptimizeOrder_Coarse_FineSurprisal_Stoch_Adap_OnlyDLM
1.0	2	1.0	1	8972521	Basque_2.8	None	forWords_Finnish_OptimizeOrder_Coarse_FineSurprisal_Stoch_Adap_OnlyDLM
1.0	2	1.0	1	4242193	Basque_2.8	None	forWords_Finnish_OptimizeOrder_Coarse_FineSurprisal_Stoch_Adap_OnlyDLM
1.0	2	1.0	1	7621231	Basque_2.8	None	forWords_Finnish_OptimizeOrder_Coarse_FineSurprisal_Stoch_Adap_OnlyDLM
1.0	2	1.0	1	9520085	Basque_2.8	None	forWords_Finnish_OptimizeOrder_Coarse_FineSurprisal_Stoch_Adap_OnlyDLM
1.0	2	1.0	1	5810294	Belarusian_2.8	None	forWords_Finnish_OptimizeOrder_Coarse_FineSurprisal_Stoch_Adap_OnlyDLM
1.0	2	1.0	1	2358936	Belarusian_2.8	None	forWords_Finnish_OptimizeOrder_Coarse_FineSurprisal_Stoch_Adap_OnlyDLM
1.0	2	1.0	1	1951601	Belarusian_2.8	None	forWords_Finnish_OptimizeOrder_Coarse_FineSurprisal_Stoch_Adap_OnlyDLM
1.0	2	1.0	1	6965175	Belarusian_2.8	None	forWords_Finnish_OptimizeOrder_Coarse_FineSurprisal_Stoch_Adap_OnlyDLM
1.0	2	1.0	1	7012006	Belarusian_2.8	None	forWords_Finnish_OptimizeOrder_Coarse_FineSurprisal_Stoch_Adap_OnlyDLM
1.0	2	1.0	1	8265378	Belarusian_2.8	None	forWords_Finnish_OptimizeOrder_Coarse_FineSurprisal_Stoch_Adap_OnlyDLM
1.0	2	1.0	1	640886	Belarusian_2.8	None	forWords_Finnish_OptimizeOrder_Coarse_FineSurprisal_Stoch_Adap_OnlyDLM
1.0	2	1.0	1	6134614	Belarusian_2.8	None	forWords_Finnish_OptimizeOrder_Coarse_FineSurprisal_Stoch_Adap_OnlyDLM
1.0	2	1.0	1	3602178	Belarusian_2.8	None	forWords_Finnish_OptimizeOrder_Coarse_FineSurprisal_Stoch_Adap_OnlyDLM
1.0	2	1.0	1	868529	Belarusian_2.8	None	forWords_Finnish_OptimizeOrder_Coarse_FineSurprisal_Stoch_Adap_OnlyDLM
1.0	2	1.0	1	8262261	Breton_2.8	None	forWords_Finnish_OptimizeOrder_Coarse_FineSurprisal_Stoch_Adap_OnlyDLM
1.0	2	1.0	1	7877828	Breton_2.8	None	forWords_Finnish_OptimizeOrder_Coarse_FineSurprisal_Stoch_Adap_OnlyDLM
1.0	2	1.0	1	4578449	Breton_2.8	None	forWords_Finnish_OptimizeOrder_Coarse_FineSurprisal_Stoch_Adap_OnlyDLM
1.0	2	1.0	1	2877800	Breton_2.8	None	forWords_Finnish_OptimizeOrder_Coarse_FineSurprisal_Stoch_Adap_OnlyDLM
1.0	2	1.0	1	1767202	Breton_2.8	None	forWords_Finnish_OptimizeOrder_Coarse_FineSurprisal_Stoch_Adap_OnlyDLM
1.0	2	1.0	1	6705163	Breton_2.8	None	forWords_Finnish_OptimizeOrder_Coarse_FineSurprisal_Stoch_Adap_OnlyDLM
1.0	2	1.0	1	1282032	Breton_2.8	None	forWords_Finnish_OptimizeOrder_Coarse_FineSurprisal_Stoch_Adap_OnlyDLM
1.0	2	1.0	1	7264525	Breton_2.8	None	forWords_Finnish_OptimizeOrder_Coarse_FineSurprisal_Stoch_Adap_OnlyDLM
1.0	2	1.0	1	8893474	Breton_2.8	None	forWords_Finnish_OptimizeOrder_Coarse_FineSurprisal_Stoch_Adap_OnlyDLM
1.0	2	1.0	1	5460370	Breton_2.8	None	forWords_Finnish_OptimizeOrder_Coarse_FineSurprisal_Stoch_Adap_OnlyDLM
1.0	2	1.0	1	5744300	Breton_2.8	None	forWords_Finnish_OptimizeOrder_Coarse_FineSurprisal_Stoch_Adap_OnlyDLM
1.0	2	1.0	1	5599038	Breton_2.8	None	forWords_Finnish_OptimizeOrder_Coarse_FineSurprisal_Stoch_Adap_OnlyDLM
1.0	2	1.0	1	3107207	Breton_2.8	None	forWords_Finnish_OptimizeOrder_Coarse_FineSurprisal_Stoch_Adap_OnlyDLM
1.0	2	1.0	1	9627128	Bulgarian_2.8	None	forWords_Finnish_OptimizeOrder_Coarse_FineSurprisal_Stoch_Adap_OnlyDLM
1.0	2	1.0	1	7314018	Bulgarian_2.8	None	forWords_Finnish_OptimizeOrder_Coarse_FineSurprisal_Stoch_Adap_OnlyDLM
1.0	2	1.0	1	8086797	Bulgarian_2.8	None	forWords_Finnish_OptimizeOrder_Coarse_FineSurprisal_Stoch_Adap_OnlyDLM
1.0	2	1.0	1	3716259	Bulgarian_2.8	None	forWords_Finnish_OptimizeOrder_Coarse_FineSurprisal_Stoch_Adap_OnlyDLM
1.0	2	1.0	1	1040589	Bulgarian_2.8	None	forWords_Finnish_OptimizeOrder_Coarse_FineSurprisal_Stoch_Adap_OnlyDLM
1.0	2	1.0	1	6825948	Bulgarian_2.8	None	forWords_Finnish_OptimizeOrder_Coarse_FineSurprisal_Stoch_Adap_OnlyDLM
1.0	2	1.0	1	4356622	Bulgarian_2.8	None	forWords_Finnish_OptimizeOrder_Coarse_FineSurprisal_Stoch_Adap_OnlyDLM
1.0	2	1.0	1	4445469	Bulgarian_2.8	None	forWords_Finnish_OptimizeOrder_Coarse_FineSurprisal_Stoch_Adap_OnlyDLM
1.0	2	1.0	1	3630394	Bulgarian_2.8	None	forWords_Finnish_OptimizeOrder_Coarse_FineSurprisal_Stoch_Adap_OnlyDLM
1.0	2	1.0	1	3166896	Bulgarian_2.8	None	forWords_Finnish_OptimizeOrder_Coarse_FineSurprisal_Stoch_Adap_OnlyDLM
1.0	2	1.0	1	5343278	Buryat_2.8	None	forWords_Finnish_OptimizeOrder_Coarse_FineSurprisal_Stoch_Adap_OnlyDLM
1.0	2	1.0	1	4131126	Buryat_2.8	None	forWords_Finnish_OptimizeOrder_Coarse_FineSurprisal_Stoch_Adap_OnlyDLM
1.0	2	1.0	1	3929800	Buryat_2.8	None	forWords_Finnish_OptimizeOrder_Coarse_FineSurprisal_Stoch_Adap_OnlyDLM
1.0	2	1.0	1	8971190	Buryat_2.8	None	forWords_Finnish_OptimizeOrder_Coarse_FineSurprisal_Stoch_Adap_OnlyDLM
1.0	2	1.0	1	7480598	Buryat_2.8	None	forWords_Finnish_OptimizeOrder_Coarse_FineSurprisal_Stoch_Adap_OnlyDLM
1.0	2	1.0	1	4078372	Buryat_2.8	None	forWords_Finnish_OptimizeOrder_Coarse_FineSurprisal_Stoch_Adap_OnlyDLM
1.0	2	1.0	1	8702201	Buryat_2.8	None	forWords_Finnish_OptimizeOrder_Coarse_FineSurprisal_Stoch_Adap_OnlyDLM
1.0	2	1.0	1	6205583	Buryat_2.8	None	forWords_Finnish_OptimizeOrder_Coarse_FineSurprisal_Stoch_Adap_OnlyDLM
1.0	2	1.0	1	9983607	Buryat_2.8	None	forWords_Finnish_OptimizeOrder_Coarse_FineSurprisal_Stoch_Adap_OnlyDLM
1.0	2	1.0	1	7848620	Buryat_2.8	None	forWords_Finnish_OptimizeOrder_Coarse_FineSurprisal_Stoch_Adap_OnlyDLM
1.0	2	1.0	1	3308956	Buryat_2.8	None	forWords_Finnish_OptimizeOrder_Coarse_FineSurprisal_Stoch_Adap_OnlyDLM
1.0	2	1.0	1	2946713	Cantonese_2.8	None	forWords_Finnish_OptimizeOrder_Coarse_FineSurprisal_Stoch_Adap_OnlyDLM
1.0	2	1.0	1	5946785	Cantonese_2.8	None	forWords_Finnish_OptimizeOrder_Coarse_FineSurprisal_Stoch_Adap_OnlyDLM
1.0	2	1.0	1	6677154	Cantonese_2.8	None	forWords_Finnish_OptimizeOrder_Coarse_FineSurprisal_Stoch_Adap_OnlyDLM
1.0	2	1.0	1	4046884	Cantonese_2.8	None	forWords_Finnish_OptimizeOrder_Coarse_FineSurprisal_Stoch_Adap_OnlyDLM
1.0	2	1.0	1	8192316	Cantonese_2.8	None	forWords_Finnish_OptimizeOrder_Coarse_FineSurprisal_Stoch_Adap_OnlyDLM
1.0	2	1.0	1	6392733	Cantonese_2.8	None	forWords_Finnish_OptimizeOrder_Coarse_FineSurprisal_Stoch_Adap_OnlyDLM
1.0	2	1.0	1	3392015	Cantonese_2.8	None	forWords_Finnish_OptimizeOrder_Coarse_FineSurprisal_Stoch_Adap_OnlyDLM
1.0	2	1.0	1	6959486	Cantonese_2.8	None	forWords_Finnish_OptimizeOrder_Coarse_FineSurprisal_Stoch_Adap_OnlyDLM
1.0	2	1.0	1	1431981	Cantonese_2.8	None	forWords_Finnish_OptimizeOrder_Coarse_FineSurprisal_Stoch_Adap_OnlyDLM
1.0	2	1.0	1	6198664	Cantonese_2.8	None	forWords_Finnish_OptimizeOrder_Coarse_FineSurprisal_Stoch_Adap_OnlyDLM
1.0	2	1.0	1	1039644	Cantonese_2.8	None	forWords_Finnish_OptimizeOrder_Coarse_FineSurprisal_Stoch_Adap_OnlyDLM
1.0	2	1.0	1	8397979	Cantonese_2.8	None	forWords_Finnish_OptimizeOrder_Coarse_FineSurprisal_Stoch_Adap_OnlyDLM
1.0	2	1.0	1	7195388	Cantonese_2.8	None	forWords_Finnish_OptimizeOrder_Coarse_FineSurprisal_Stoch_Adap_OnlyDLM
1.0	2	1.0	1	4276211	Cantonese_2.8	None	forWords_Finnish_OptimizeOrder_Coarse_FineSurprisal_Stoch_Adap_OnlyDLM
1.0	2	1.0	1	790586	Catalan_2.8	None	forWords_Finnish_OptimizeOrder_Coarse_FineSurprisal_Stoch_Adap_OnlyDLM
1.0	2	1.0	1	2495392	Catalan_2.8	None	forWords_Finnish_OptimizeOrder_Coarse_FineSurprisal_Stoch_Adap_OnlyDLM
1.0	2	1.0	1	5837992	Catalan_2.8	None	forWords_Finnish_OptimizeOrder_Coarse_FineSurprisal_Stoch_Adap_OnlyDLM
1.0	2	1.0	1	6325952	Catalan_2.8	None	forWords_Finnish_OptimizeOrder_Coarse_FineSurprisal_Stoch_Adap_OnlyDLM
1.0	2	1.0	1	5602907	Catalan_2.8	None	forWords_Finnish_OptimizeOrder_Coarse_FineSurprisal_Stoch_Adap_OnlyDLM
1.0	2	1.0	1	9818123	Catalan_2.8	None	forWords_Finnish_OptimizeOrder_Coarse_FineSurprisal_Stoch_Adap_OnlyDLM
1.0	2	1.0	1	6431396	Catalan_2.8	None	forWords_Finnish_OptimizeOrder_Coarse_FineSurprisal_Stoch_Adap_OnlyDLM
1.0	2	1.0	1	7767032	Catalan_2.8	None	forWords_Finnish_OptimizeOrder_Coarse_FineSurprisal_Stoch_Adap_OnlyDLM
1.0	2	1.0	1	769387	Catalan_2.8	None	forWords_Finnish_OptimizeOrder_Coarse_FineSurprisal_Stoch_Adap_OnlyDLM
1.0	2	1.0	1	5441052	Catalan_2.8	None	forWords_Finnish_OptimizeOrder_Coarse_FineSurprisal_Stoch_Adap_OnlyDLM
1.0	2	1.0	1	3012111	Chinese_2.8	None	forWords_Finnish_OptimizeOrder_Coarse_FineSurprisal_Stoch_Adap_OnlyDLM
1.0	2	1.0	1	2602857	Chinese_2.8	None	forWords_Finnish_OptimizeOrder_Coarse_FineSurprisal_Stoch_Adap_OnlyDLM
1.0	2	1.0	1	2334133	Chinese_2.8	None	forWords_Finnish_OptimizeOrder_Coarse_FineSurprisal_Stoch_Adap_OnlyDLM
1.0	2	1.0	1	9058928	Chinese_2.8	None	forWords_Finnish_OptimizeOrder_Coarse_FineSurprisal_Stoch_Adap_OnlyDLM
1.0	2	1.0	1	8022000	Chinese_2.8	None	forWords_Finnish_OptimizeOrder_Coarse_FineSurprisal_Stoch_Adap_OnlyDLM
1.0	2	1.0	1	8834829	Chinese_2.8	None	forWords_Finnish_OptimizeOrder_Coarse_FineSurprisal_Stoch_Adap_OnlyDLM
1.0	2	1.0	1	2609372	Chinese_2.8	None	forWords_Finnish_OptimizeOrder_Coarse_FineSurprisal_Stoch_Adap_OnlyDLM
1.0	2	1.0	1	1459656	Chinese_2.8	None	forWords_Finnish_OptimizeOrder_Coarse_FineSurprisal_Stoch_Adap_OnlyDLM
1.0	2	1.0	1	2073846	Chinese_2.8	None	forWords_Finnish_OptimizeOrder_Coarse_FineSurprisal_Stoch_Adap_OnlyDLM
1.0	2	1.0	1	6147898	Chinese_2.8	None	forWords_Finnish_OptimizeOrder_Coarse_FineSurprisal_Stoch_Adap_OnlyDLM
1.0	2	1.0	1	3863225	Classical_Chinese_2.8	None	forWords_Finnish_OptimizeOrder_Coarse_FineSurprisal_Stoch_Adap_OnlyDLM
1.0	2	1.0	1	7147375	Classical_Chinese_2.8	None	forWords_Finnish_OptimizeOrder_Coarse_FineSurprisal_Stoch_Adap_OnlyDLM
1.0	2	1.0	1	5735854	Classical_Chinese_2.8	None	forWords_Finnish_OptimizeOrder_Coarse_FineSurprisal_Stoch_Adap_OnlyDLM
1.0	2	1.0	1	1285988	Classical_Chinese_2.8	None	forWords_Finnish_OptimizeOrder_Coarse_FineSurprisal_Stoch_Adap_OnlyDLM
1.0	2	1.0	1	1042117	Classical_Chinese_2.8	None	forWords_Finnish_OptimizeOrder_Coarse_FineSurprisal_Stoch_Adap_OnlyDLM
1.0	2	1.0	1	6863163	Classical_Chinese_2.8	None	forWords_Finnish_OptimizeOrder_Coarse_FineSurprisal_Stoch_Adap_OnlyDLM
1.0	2	1.0	1	6849048	Classical_Chinese_2.8	None	forWords_Finnish_OptimizeOrder_Coarse_FineSurprisal_Stoch_Adap_OnlyDLM
1.0	2	1.0	1	8489660	Classical_Chinese_2.8	None	forWords_Finnish_OptimizeOrder_Coarse_FineSurprisal_Stoch_Adap_OnlyDLM
1.0	2	1.0	1	6471268	Classical_Chinese_2.8	None	forWords_Finnish_OptimizeOrder_Coarse_FineSurprisal_Stoch_Adap_OnlyDLM
1.0	2	1.0	1	2475169	Classical_Chinese_2.8	None	forWords_Finnish_OptimizeOrder_Coarse_FineSurprisal_Stoch_Adap_OnlyDLM
1.0	2	1.0	1	5735049	Coptic_2.8	None	forWords_Finnish_OptimizeOrder_Coarse_FineSurprisal_Stoch_Adap_OnlyDLM
1.0	2	1.0	1	333799	Coptic_2.8	None	forWords_Finnish_OptimizeOrder_Coarse_FineSurprisal_Stoch_Adap_OnlyDLM
1.0	2	1.0	1	7709695	Coptic_2.8	None	forWords_Finnish_OptimizeOrder_Coarse_FineSurprisal_Stoch_Adap_OnlyDLM
1.0	2	1.0	1	2708055	Coptic_2.8	None	forWords_Finnish_OptimizeOrder_Coarse_FineSurprisal_Stoch_Adap_OnlyDLM
1.0	2	1.0	1	4632962	Coptic_2.8	None	forWords_Finnish_OptimizeOrder_Coarse_FineSurprisal_Stoch_Adap_OnlyDLM
1.0	2	1.0	1	6938268	Coptic_2.8	None	forWords_Finnish_OptimizeOrder_Coarse_FineSurprisal_Stoch_Adap_OnlyDLM
1.0	2	1.0	1	7200107	Coptic_2.8	None	forWords_Finnish_OptimizeOrder_Coarse_FineSurprisal_Stoch_Adap_OnlyDLM
1.0	2	1.0	1	1501218	Coptic_2.8	None	forWords_Finnish_OptimizeOrder_Coarse_FineSurprisal_Stoch_Adap_OnlyDLM
1.0	2	1.0	1	3444715	Coptic_2.8	None	forWords_Finnish_OptimizeOrder_Coarse_FineSurprisal_Stoch_Adap_OnlyDLM
1.0	2	1.0	1	6565307	Coptic_2.8	None	forWords_Finnish_OptimizeOrder_Coarse_FineSurprisal_Stoch_Adap_OnlyDLM
1.0	2	1.0	1	6959179	Croatian_2.8	None	forWords_Finnish_OptimizeOrder_Coarse_FineSurprisal_Stoch_Adap_OnlyDLM
1.0	2	1.0	1	2069153	Croatian_2.8	None	forWords_Finnish_OptimizeOrder_Coarse_FineSurprisal_Stoch_Adap_OnlyDLM
1.0	2	1.0	1	2342229	Croatian_2.8	None	forWords_Finnish_OptimizeOrder_Coarse_FineSurprisal_Stoch_Adap_OnlyDLM
1.0	2	1.0	1	7978919	Croatian_2.8	None	forWords_Finnish_OptimizeOrder_Coarse_FineSurprisal_Stoch_Adap_OnlyDLM
1.0	2	1.0	1	6891688	Croatian_2.8	None	forWords_Finnish_OptimizeOrder_Coarse_FineSurprisal_Stoch_Adap_OnlyDLM
1.0	2	1.0	1	7488255	Croatian_2.8	None	forWords_Finnish_OptimizeOrder_Coarse_FineSurprisal_Stoch_Adap_OnlyDLM
1.0	2	1.0	1	9109921	Croatian_2.8	None	forWords_Finnish_OptimizeOrder_Coarse_FineSurprisal_Stoch_Adap_OnlyDLM
1.0	2	1.0	1	5432331	Croatian_2.8	None	forWords_Finnish_OptimizeOrder_Coarse_FineSurprisal_Stoch_Adap_OnlyDLM
1.0	2	1.0	1	9317624	Croatian_2.8	None	forWords_Finnish_OptimizeOrder_Coarse_FineSurprisal_Stoch_Adap_OnlyDLM
1.0	2	1.0	1	4264903	Croatian_2.8	None	forWords_Finnish_OptimizeOrder_Coarse_FineSurprisal_Stoch_Adap_OnlyDLM
1.0	2	1.0	1	3549422	Croatian_2.8	None	forWords_Finnish_OptimizeOrder_Coarse_FineSurprisal_Stoch_Adap_OnlyDLM
1.0	2	1.0	1	5147491	Czech-PDT_2.8	None	forWords_Finnish_OptimizeOrder_Coarse_FineSurprisal_Stoch_Adap_OnlyDLM
1.0	2	1.0	1	2385118	Czech-PDT_2.8	None	forWords_Finnish_OptimizeOrder_Coarse_FineSurprisal_Stoch_Adap_OnlyDLM
1.0	2	1.0	1	962400	Czech-PDT_2.8	None	forWords_Finnish_OptimizeOrder_Coarse_FineSurprisal_Stoch_Adap_OnlyDLM
1.0	2	1.0	1	8703629	Czech-PDT_2.8	None	forWords_Finnish_OptimizeOrder_Coarse_FineSurprisal_Stoch_Adap_OnlyDLM
1.0	2	1.0	1	6992455	Czech-PDT_2.8	None	forWords_Finnish_OptimizeOrder_Coarse_FineSurprisal_Stoch_Adap_OnlyDLM
1.0	2	1.0	1	7002782	Czech-PDT_2.8	None	forWords_Finnish_OptimizeOrder_Coarse_FineSurprisal_Stoch_Adap_OnlyDLM
1.0	2	1.0	1	1128816	Czech-PDT_2.8	None	forWords_Finnish_OptimizeOrder_Coarse_FineSurprisal_Stoch_Adap_OnlyDLM
1.0	2	1.0	1	6265749	Czech-PDT_2.8	None	forWords_Finnish_OptimizeOrder_Coarse_FineSurprisal_Stoch_Adap_OnlyDLM
1.0	2	1.0	1	537826	Czech-PDT_2.8	None	forWords_Finnish_OptimizeOrder_Coarse_FineSurprisal_Stoch_Adap_OnlyDLM
1.0	2	1.0	1	6381376	Czech-PDT_2.8	None	forWords_Finnish_OptimizeOrder_Coarse_FineSurprisal_Stoch_Adap_OnlyDLM
1.0	2	1.0	1	3866037	Czech_2.8	None	forWords_Finnish_OptimizeOrder_Coarse_FineSurprisal_Stoch_Adap_OnlyDLM
1.0	2	1.0	1	8759864	Czech_2.8	None	forWords_Finnish_OptimizeOrder_Coarse_FineSurprisal_Stoch_Adap_OnlyDLM
1.0	2	1.0	1	4448987	Danish_2.8	None	forWords_Finnish_OptimizeOrder_Coarse_FineSurprisal_Stoch_Adap_OnlyDLM
1.0	2	1.0	1	7562670	Danish_2.8	None	forWords_Finnish_OptimizeOrder_Coarse_FineSurprisal_Stoch_Adap_OnlyDLM
1.0	2	1.0	1	2438949	Danish_2.8	None	forWords_Finnish_OptimizeOrder_Coarse_FineSurprisal_Stoch_Adap_OnlyDLM
1.0	2	1.0	1	5108718	Danish_2.8	None	forWords_Finnish_OptimizeOrder_Coarse_FineSurprisal_Stoch_Adap_OnlyDLM
1.0	2	1.0	1	6044584	Danish_2.8	None	forWords_Finnish_OptimizeOrder_Coarse_FineSurprisal_Stoch_Adap_OnlyDLM
1.0	2	1.0	1	2003298	Danish_2.8	None	forWords_Finnish_OptimizeOrder_Coarse_FineSurprisal_Stoch_Adap_OnlyDLM
1.0	2	1.0	1	5452095	Danish_2.8	None	forWords_Finnish_OptimizeOrder_Coarse_FineSurprisal_Stoch_Adap_OnlyDLM
1.0	2	1.0	1	5982341	Danish_2.8	None	forWords_Finnish_OptimizeOrder_Coarse_FineSurprisal_Stoch_Adap_OnlyDLM
1.0	2	1.0	1	7131409	Danish_2.8	None	forWords_Finnish_OptimizeOrder_Coarse_FineSurprisal_Stoch_Adap_OnlyDLM
1.0	2	1.0	1	880893	Danish_2.8	None	forWords_Finnish_OptimizeOrder_Coarse_FineSurprisal_Stoch_Adap_OnlyDLM
1.0	2	1.0	1	4962264	Danish_2.8	None	forWords_Finnish_OptimizeOrder_Coarse_FineSurprisal_Stoch_Adap_OnlyDLM
1.0	2	1.0	1	7709092	Dutch_2.8	None	forWords_Finnish_OptimizeOrder_Coarse_FineSurprisal_Stoch_Adap_OnlyDLM
1.0	2	1.0	1	7993968	Dutch_2.8	None	forWords_Finnish_OptimizeOrder_Coarse_FineSurprisal_Stoch_Adap_OnlyDLM
1.0	2	1.0	1	465447	Dutch_2.8	None	forWords_Finnish_OptimizeOrder_Coarse_FineSurprisal_Stoch_Adap_OnlyDLM
1.0	2	1.0	1	1581341	Dutch_2.8	None	forWords_Finnish_OptimizeOrder_Coarse_FineSurprisal_Stoch_Adap_OnlyDLM
1.0	2	1.0	1	7987704	Dutch_2.8	None	forWords_Finnish_OptimizeOrder_Coarse_FineSurprisal_Stoch_Adap_OnlyDLM
1.0	2	1.0	1	5673652	Dutch_2.8	None	forWords_Finnish_OptimizeOrder_Coarse_FineSurprisal_Stoch_Adap_OnlyDLM
1.0	2	1.0	1	6663180	Dutch_2.8	None	forWords_Finnish_OptimizeOrder_Coarse_FineSurprisal_Stoch_Adap_OnlyDLM
1.0	2	1.0	1	1881012	Dutch_2.8	None	forWords_Finnish_OptimizeOrder_Coarse_FineSurprisal_Stoch_Adap_OnlyDLM
1.0	2	1.0	1	2928083	Dutch_2.8	None	forWords_Finnish_OptimizeOrder_Coarse_FineSurprisal_Stoch_Adap_OnlyDLM
1.0	2	1.0	1	8086019	Dutch_2.8	None	forWords_Finnish_OptimizeOrder_Coarse_FineSurprisal_Stoch_Adap_OnlyDLM
1.0	2	1.0	1	5409468	English_2.8	None	forWords_Finnish_OptimizeOrder_Coarse_FineSurprisal_Stoch_Adap_OnlyDLM
1.0	2	1.0	1	2386029	English_2.8	None	forWords_Finnish_OptimizeOrder_Coarse_FineSurprisal_Stoch_Adap_OnlyDLM
1.0	2	1.0	1	9065046	English_2.8	None	forWords_Finnish_OptimizeOrder_Coarse_FineSurprisal_Stoch_Adap_OnlyDLM
1.0	2	1.0	1	2707057	English_2.8	None	forWords_Finnish_OptimizeOrder_Coarse_FineSurprisal_Stoch_Adap_OnlyDLM
1.0	2	1.0	1	2369648	English_2.8	None	forWords_Finnish_OptimizeOrder_Coarse_FineSurprisal_Stoch_Adap_OnlyDLM
1.0	2	1.0	1	7022292	English_2.8	None	forWords_Finnish_OptimizeOrder_Coarse_FineSurprisal_Stoch_Adap_OnlyDLM
1.0	2	1.0	1	5574881	English_2.8	None	forWords_Finnish_OptimizeOrder_Coarse_FineSurprisal_Stoch_Adap_OnlyDLM
1.0	2	1.0	1	3494412	English_2.8	None	forWords_Finnish_OptimizeOrder_Coarse_FineSurprisal_Stoch_Adap_OnlyDLM
1.0	2	1.0	1	4529732	English_2.8	None	forWords_Finnish_OptimizeOrder_Coarse_FineSurprisal_Stoch_Adap_OnlyDLM
1.0	2	1.0	1	5592426	English_2.8	None	forWords_Finnish_OptimizeOrder_Coarse_FineSurprisal_Stoch_Adap_OnlyDLM
1.0	2	1.0	1	8830616	Erzya_2.8	None	forWords_Finnish_OptimizeOrder_Coarse_FineSurprisal_Stoch_Adap_OnlyDLM
1.0	2	1.0	1	1069528	Erzya_2.8	None	forWords_Finnish_OptimizeOrder_Coarse_FineSurprisal_Stoch_Adap_OnlyDLM
1.0	2	1.0	1	1063584	Erzya_2.8	None	forWords_Finnish_OptimizeOrder_Coarse_FineSurprisal_Stoch_Adap_OnlyDLM
1.0	2	1.0	1	6883404	Erzya_2.8	None	forWords_Finnish_OptimizeOrder_Coarse_FineSurprisal_Stoch_Adap_OnlyDLM
1.0	2	1.0	1	1475039	Erzya_2.8	None	forWords_Finnish_OptimizeOrder_Coarse_FineSurprisal_Stoch_Adap_OnlyDLM
1.0	2	1.0	1	7059773	Erzya_2.8	None	forWords_Finnish_OptimizeOrder_Coarse_FineSurprisal_Stoch_Adap_OnlyDLM
1.0	2	1.0	1	9921978	Erzya_2.8	None	forWords_Finnish_OptimizeOrder_Coarse_FineSurprisal_Stoch_Adap_OnlyDLM
1.0	2	1.0	1	7868220	Erzya_2.8	None	forWords_Finnish_OptimizeOrder_Coarse_FineSurprisal_Stoch_Adap_OnlyDLM
1.0	2	1.0	1	5651964	Erzya_2.8	None	forWords_Finnish_OptimizeOrder_Coarse_FineSurprisal_Stoch_Adap_OnlyDLM
1.0	2	1.0	1	898182	Erzya_2.8	None	forWords_Finnish_OptimizeOrder_Coarse_FineSurprisal_Stoch_Adap_OnlyDLM
1.0	2	1.0	1	9147692	Erzya_2.8	None	forWords_Finnish_OptimizeOrder_Coarse_FineSurprisal_Stoch_Adap_OnlyDLM
1.0	2	1.0	1	5175265	Estonian_2.8	None	forWords_Finnish_OptimizeOrder_Coarse_FineSurprisal_Stoch_Adap_OnlyDLM
1.0	2	1.0	1	7211997	Estonian_2.8	None	forWords_Finnish_OptimizeOrder_Coarse_FineSurprisal_Stoch_Adap_OnlyDLM
1.0	2	1.0	1	93410	Estonian_2.8	None	forWords_Finnish_OptimizeOrder_Coarse_FineSurprisal_Stoch_Adap_OnlyDLM
1.0	2	1.0	1	6409257	Estonian_2.8	None	forWords_Finnish_OptimizeOrder_Coarse_FineSurprisal_Stoch_Adap_OnlyDLM
1.0	2	1.0	1	3860209	Estonian_2.8	None	forWords_Finnish_OptimizeOrder_Coarse_FineSurprisal_Stoch_Adap_OnlyDLM
1.0	2	1.0	1	8434348	Estonian_2.8	None	forWords_Finnish_OptimizeOrder_Coarse_FineSurprisal_Stoch_Adap_OnlyDLM
1.0	2	1.0	1	1036644	Estonian_2.8	None	forWords_Finnish_OptimizeOrder_Coarse_FineSurprisal_Stoch_Adap_OnlyDLM
1.0	2	1.0	1	6960780	Estonian_2.8	None	forWords_Finnish_OptimizeOrder_Coarse_FineSurprisal_Stoch_Adap_OnlyDLM
1.0	2	1.0	1	664967	Estonian_2.8	None	forWords_Finnish_OptimizeOrder_Coarse_FineSurprisal_Stoch_Adap_OnlyDLM
1.0	2	1.0	1	8999019	Estonian_2.8	None	forWords_Finnish_OptimizeOrder_Coarse_FineSurprisal_Stoch_Adap_OnlyDLM
1.0	2	1.0	1	571029	Faroese_2.8	None	forWords_Finnish_OptimizeOrder_Coarse_FineSurprisal_Stoch_Adap_OnlyDLM
1.0	2	1.0	1	7534172	Faroese_2.8	None	forWords_Finnish_OptimizeOrder_Coarse_FineSurprisal_Stoch_Adap_OnlyDLM
1.0	2	1.0	1	1576456	Faroese_2.8	None	forWords_Finnish_OptimizeOrder_Coarse_FineSurprisal_Stoch_Adap_OnlyDLM
1.0	2	1.0	1	5310636	Faroese_2.8	None	forWords_Finnish_OptimizeOrder_Coarse_FineSurprisal_Stoch_Adap_OnlyDLM
1.0	2	1.0	1	9550860	Faroese_2.8	None	forWords_Finnish_OptimizeOrder_Coarse_FineSurprisal_Stoch_Adap_OnlyDLM
1.0	2	1.0	1	1894747	Faroese_2.8	None	forWords_Finnish_OptimizeOrder_Coarse_FineSurprisal_Stoch_Adap_OnlyDLM
1.0	2	1.0	1	8077198	Faroese_2.8	None	forWords_Finnish_OptimizeOrder_Coarse_FineSurprisal_Stoch_Adap_OnlyDLM
1.0	2	1.0	1	3141556	Faroese_2.8	None	forWords_Finnish_OptimizeOrder_Coarse_FineSurprisal_Stoch_Adap_OnlyDLM
1.0	2	1.0	1	2814168	Faroese_2.8	None	forWords_Finnish_OptimizeOrder_Coarse_FineSurprisal_Stoch_Adap_OnlyDLM
1.0	2	1.0	1	2959480	Faroese_2.8	None	forWords_Finnish_OptimizeOrder_Coarse_FineSurprisal_Stoch_Adap_OnlyDLM
1.0	2	1.0	1	5709597	Finnish_2.8	None	forWords_Finnish_OptimizeOrder_Coarse_FineSurprisal_Stoch_Adap_OnlyDLM
1.0	2	1.0	1	4920587	Finnish_2.8	None	forWords_Finnish_OptimizeOrder_Coarse_FineSurprisal_Stoch_Adap_OnlyDLM
1.0	2	1.0	1	6072946	Finnish_2.8	None	forWords_Finnish_OptimizeOrder_Coarse_FineSurprisal_Stoch_Adap_OnlyDLM
1.0	2	1.0	1	634101	Finnish_2.8	None	forWords_Finnish_OptimizeOrder_Coarse_FineSurprisal_Stoch_Adap_OnlyDLM
1.0	2	1.0	1	7071452	Finnish_2.8	None	forWords_Finnish_OptimizeOrder_Coarse_FineSurprisal_Stoch_Adap_OnlyDLM
1.0	2	1.0	1	6991545	Finnish_2.8	None	forWords_Finnish_OptimizeOrder_Coarse_FineSurprisal_Stoch_Adap_OnlyDLM
1.0	2	1.0	1	706963	Finnish_2.8	None	forWords_Finnish_OptimizeOrder_Coarse_FineSurprisal_Stoch_Adap_OnlyDLM
1.0	2	1.0	1	8146200	Finnish_2.8	None	forWords_Finnish_OptimizeOrder_Coarse_FineSurprisal_Stoch_Adap_OnlyDLM
1.0	2	1.0	1	5151866	Finnish_2.8	None	forWords_Finnish_OptimizeOrder_Coarse_FineSurprisal_Stoch_Adap_OnlyDLM
1.0	2	1.0	1	3314880	Finnish_2.8	None	forWords_Finnish_OptimizeOrder_Coarse_FineSurprisal_Stoch_Adap_OnlyDLM
1.0	2	1.0	1	9356127	French_2.8	None	forWords_Finnish_OptimizeOrder_Coarse_FineSurprisal_Stoch_Adap_OnlyDLM
1.0	2	1.0	1	511333	French_2.8	None	forWords_Finnish_OptimizeOrder_Coarse_FineSurprisal_Stoch_Adap_OnlyDLM
1.0	2	1.0	1	3990348	French_2.8	None	forWords_Finnish_OptimizeOrder_Coarse_FineSurprisal_Stoch_Adap_OnlyDLM
1.0	2	1.0	1	6928596	French_2.8	None	forWords_Finnish_OptimizeOrder_Coarse_FineSurprisal_Stoch_Adap_OnlyDLM
1.0	2	1.0	1	3042716	French_2.8	None	forWords_Finnish_OptimizeOrder_Coarse_FineSurprisal_Stoch_Adap_OnlyDLM
1.0	2	1.0	1	6043170	French_2.8	None	forWords_Finnish_OptimizeOrder_Coarse_FineSurprisal_Stoch_Adap_OnlyDLM
1.0	2	1.0	1	8034500	French_2.8	None	forWords_Finnish_OptimizeOrder_Coarse_FineSurprisal_Stoch_Adap_OnlyDLM
1.0	2	1.0	1	8739259	French_2.8	None	forWords_Finnish_OptimizeOrder_Coarse_FineSurprisal_Stoch_Adap_OnlyDLM
1.0	2	1.0	1	2123269	French_2.8	None	forWords_Finnish_OptimizeOrder_Coarse_FineSurprisal_Stoch_Adap_OnlyDLM
1.0	2	1.0	1	6924099	French_2.8	None	forWords_Finnish_OptimizeOrder_Coarse_FineSurprisal_Stoch_Adap_OnlyDLM
1.0	2	1.0	1	7327683	Galician_2.8	None	forWords_Finnish_OptimizeOrder_Coarse_FineSurprisal_Stoch_Adap_OnlyDLM
1.0	2	1.0	1	6460997	Galician_2.8	None	forWords_Finnish_OptimizeOrder_Coarse_FineSurprisal_Stoch_Adap_OnlyDLM
1.0	2	1.0	1	3658964	Galician_2.8	None	forWords_Finnish_OptimizeOrder_Coarse_FineSurprisal_Stoch_Adap_OnlyDLM
1.0	2	1.0	1	7401978	Galician_2.8	None	forWords_Finnish_OptimizeOrder_Coarse_FineSurprisal_Stoch_Adap_OnlyDLM
1.0	2	1.0	1	4523602	Galician_2.8	None	forWords_Finnish_OptimizeOrder_Coarse_FineSurprisal_Stoch_Adap_OnlyDLM
1.0	2	1.0	1	9825341	Galician_2.8	None	forWords_Finnish_OptimizeOrder_Coarse_FineSurprisal_Stoch_Adap_OnlyDLM
1.0	2	1.0	1	7682884	Galician_2.8	None	forWords_Finnish_OptimizeOrder_Coarse_FineSurprisal_Stoch_Adap_OnlyDLM
1.0	2	1.0	1	3605565	Galician_2.8	None	forWords_Finnish_OptimizeOrder_Coarse_FineSurprisal_Stoch_Adap_OnlyDLM
1.0	2	1.0	1	7622878	Galician_2.8	None	forWords_Finnish_OptimizeOrder_Coarse_FineSurprisal_Stoch_Adap_OnlyDLM
1.0	2	1.0	1	4547311	Galician_2.8	None	forWords_Finnish_OptimizeOrder_Coarse_FineSurprisal_Stoch_Adap_OnlyDLM
1.0	2	1.0	1	5238490	German-GSD_2.6	None	forWords_Finnish_OptimizeOrder_Coarse_FineSurprisal_Stoch_Adap_OnlyDLM
1.0	2	1.0	1	224084	German-GSD_2.6	None	forWords_Finnish_OptimizeOrder_Coarse_FineSurprisal_Stoch_Adap_OnlyDLM
1.0	2	1.0	1	5389662	German-GSD_2.6	None	forWords_Finnish_OptimizeOrder_Coarse_FineSurprisal_Stoch_Adap_OnlyDLM
1.0	2	1.0	1	308880	German-GSD_2.6	None	forWords_Finnish_OptimizeOrder_Coarse_FineSurprisal_Stoch_Adap_OnlyDLM
1.0	2	1.0	1	5232511	German-GSD_2.6	None	forWords_Finnish_OptimizeOrder_Coarse_FineSurprisal_Stoch_Adap_OnlyDLM
1.0	2	1.0	1	8893234	German-GSD_2.8	None	forWords_Finnish_OptimizeOrder_Coarse_FineSurprisal_Stoch_Adap_OnlyDLM
1.0	2	1.0	1	7621189	German-GSD_2.8	None	forWords_Finnish_OptimizeOrder_Coarse_FineSurprisal_Stoch_Adap_OnlyDLM
1.0	2	1.0	1	8856102	German-GSD_2.8	None	forWords_Finnish_OptimizeOrder_Coarse_FineSurprisal_Stoch_Adap_OnlyDLM
1.0	2	1.0	1	4653647	German-GSD_2.8	None	forWords_Finnish_OptimizeOrder_Coarse_FineSurprisal_Stoch_Adap_OnlyDLM
1.0	2	1.0	1	4040825	German-GSD_2.8	None	forWords_Finnish_OptimizeOrder_Coarse_FineSurprisal_Stoch_Adap_OnlyDLM
1.0	2	1.0	1	7528907	Gothic_2.8	None	forWords_Finnish_OptimizeOrder_Coarse_FineSurprisal_Stoch_Adap_OnlyDLM
1.0	2	1.0	1	2994162	Gothic_2.8	None	forWords_Finnish_OptimizeOrder_Coarse_FineSurprisal_Stoch_Adap_OnlyDLM
1.0	2	1.0	1	4198022	Gothic_2.8	None	forWords_Finnish_OptimizeOrder_Coarse_FineSurprisal_Stoch_Adap_OnlyDLM
1.0	2	1.0	1	7972204	Gothic_2.8	None	forWords_Finnish_OptimizeOrder_Coarse_FineSurprisal_Stoch_Adap_OnlyDLM
1.0	2	1.0	1	4111782	Gothic_2.8	None	forWords_Finnish_OptimizeOrder_Coarse_FineSurprisal_Stoch_Adap_OnlyDLM
1.0	2	1.0	1	7840065	Gothic_2.8	None	forWords_Finnish_OptimizeOrder_Coarse_FineSurprisal_Stoch_Adap_OnlyDLM
1.0	2	1.0	1	3459739	Gothic_2.8	None	forWords_Finnish_OptimizeOrder_Coarse_FineSurprisal_Stoch_Adap_OnlyDLM
1.0	2	1.0	1	2883276	Gothic_2.8	None	forWords_Finnish_OptimizeOrder_Coarse_FineSurprisal_Stoch_Adap_OnlyDLM
1.0	2	1.0	1	2204615	Gothic_2.8	None	forWords_Finnish_OptimizeOrder_Coarse_FineSurprisal_Stoch_Adap_OnlyDLM
1.0	2	1.0	1	8995219	Gothic_2.8	None	forWords_Finnish_OptimizeOrder_Coarse_FineSurprisal_Stoch_Adap_OnlyDLM
1.0	2	1.0	1	9288480	Greek_2.8	None	forWords_Finnish_OptimizeOrder_Coarse_FineSurprisal_Stoch_Adap_OnlyDLM
1.0	2	1.0	1	792481	Greek_2.8	None	forWords_Finnish_OptimizeOrder_Coarse_FineSurprisal_Stoch_Adap_OnlyDLM
1.0	2	1.0	1	54498	Greek_2.8	None	forWords_Finnish_OptimizeOrder_Coarse_FineSurprisal_Stoch_Adap_OnlyDLM
1.0	2	1.0	1	6315158	Greek_2.8	None	forWords_Finnish_OptimizeOrder_Coarse_FineSurprisal_Stoch_Adap_OnlyDLM
1.0	2	1.0	1	2910565	Greek_2.8	None	forWords_Finnish_OptimizeOrder_Coarse_FineSurprisal_Stoch_Adap_OnlyDLM
1.0	2	1.0	1	8803931	Greek_2.8	None	forWords_Finnish_OptimizeOrder_Coarse_FineSurprisal_Stoch_Adap_OnlyDLM
1.0	2	1.0	1	8599298	Greek_2.8	None	forWords_Finnish_OptimizeOrder_Coarse_FineSurprisal_Stoch_Adap_OnlyDLM
1.0	2	1.0	1	5184303	Greek_2.8	None	forWords_Finnish_OptimizeOrder_Coarse_FineSurprisal_Stoch_Adap_OnlyDLM
1.0	2	1.0	1	1754977	Greek_2.8	None	forWords_Finnish_OptimizeOrder_Coarse_FineSurprisal_Stoch_Adap_OnlyDLM
1.0	2	1.0	1	5740753	Greek_2.8	None	forWords_Finnish_OptimizeOrder_Coarse_FineSurprisal_Stoch_Adap_OnlyDLM
1.0	2	1.0	1	5524911	Hebrew_2.8	None	forWords_Finnish_OptimizeOrder_Coarse_FineSurprisal_Stoch_Adap_OnlyDLM
1.0	2	1.0	1	324725	Hebrew_2.8	None	forWords_Finnish_OptimizeOrder_Coarse_FineSurprisal_Stoch_Adap_OnlyDLM
1.0	2	1.0	1	6116500	Hebrew_2.8	None	forWords_Finnish_OptimizeOrder_Coarse_FineSurprisal_Stoch_Adap_OnlyDLM
1.0	2	1.0	1	3111386	Hebrew_2.8	None	forWords_Finnish_OptimizeOrder_Coarse_FineSurprisal_Stoch_Adap_OnlyDLM
1.0	2	1.0	1	4871904	Hebrew_2.8	None	forWords_Finnish_OptimizeOrder_Coarse_FineSurprisal_Stoch_Adap_OnlyDLM
1.0	2	1.0	1	9001436	Hebrew_2.8	None	forWords_Finnish_OptimizeOrder_Coarse_FineSurprisal_Stoch_Adap_OnlyDLM
1.0	2	1.0	1	568247	Hebrew_2.8	None	forWords_Finnish_OptimizeOrder_Coarse_FineSurprisal_Stoch_Adap_OnlyDLM
1.0	2	1.0	1	350343	Hebrew_2.8	None	forWords_Finnish_OptimizeOrder_Coarse_FineSurprisal_Stoch_Adap_OnlyDLM
1.0	2	1.0	1	371225	Hebrew_2.8	None	forWords_Finnish_OptimizeOrder_Coarse_FineSurprisal_Stoch_Adap_OnlyDLM
1.0	2	1.0	1	8576447	Hebrew_2.8	None	forWords_Finnish_OptimizeOrder_Coarse_FineSurprisal_Stoch_Adap_OnlyDLM
1.0	2	1.0	1	5574026	Hindi_2.8	None	forWords_Finnish_OptimizeOrder_Coarse_FineSurprisal_Stoch_Adap_OnlyDLM
1.0	2	1.0	1	39700	Hindi_2.8	None	forWords_Finnish_OptimizeOrder_Coarse_FineSurprisal_Stoch_Adap_OnlyDLM
1.0	2	1.0	1	5901410	Hindi_2.8	None	forWords_Finnish_OptimizeOrder_Coarse_FineSurprisal_Stoch_Adap_OnlyDLM
1.0	2	1.0	1	8985623	Hindi_2.8	None	forWords_Finnish_OptimizeOrder_Coarse_FineSurprisal_Stoch_Adap_OnlyDLM
1.0	2	1.0	1	9905736	Hindi_2.8	None	forWords_Finnish_OptimizeOrder_Coarse_FineSurprisal_Stoch_Adap_OnlyDLM
1.0	2	1.0	1	7584178	Hindi_2.8	None	forWords_Finnish_OptimizeOrder_Coarse_FineSurprisal_Stoch_Adap_OnlyDLM
1.0	2	1.0	1	2246117	Hindi_2.8	None	forWords_Finnish_OptimizeOrder_Coarse_FineSurprisal_Stoch_Adap_OnlyDLM
1.0	2	1.0	1	4020413	Hindi_2.8	None	forWords_Finnish_OptimizeOrder_Coarse_FineSurprisal_Stoch_Adap_OnlyDLM
1.0	2	1.0	1	7120831	Hindi_2.8	None	forWords_Finnish_OptimizeOrder_Coarse_FineSurprisal_Stoch_Adap_OnlyDLM
1.0	2	1.0	1	1645085	Hindi_2.8	None	forWords_Finnish_OptimizeOrder_Coarse_FineSurprisal_Stoch_Adap_OnlyDLM
1.0	2	1.0	1	4502390	Hungarian_2.8	None	forWords_Finnish_OptimizeOrder_Coarse_FineSurprisal_Stoch_Adap_OnlyDLM
1.0	2	1.0	1	3832382	Hungarian_2.8	None	forWords_Finnish_OptimizeOrder_Coarse_FineSurprisal_Stoch_Adap_OnlyDLM
1.0	2	1.0	1	8124261	Hungarian_2.8	None	forWords_Finnish_OptimizeOrder_Coarse_FineSurprisal_Stoch_Adap_OnlyDLM
1.0	2	1.0	1	5830056	Hungarian_2.8	None	forWords_Finnish_OptimizeOrder_Coarse_FineSurprisal_Stoch_Adap_OnlyDLM
1.0	2	1.0	1	387708	Hungarian_2.8	None	forWords_Finnish_OptimizeOrder_Coarse_FineSurprisal_Stoch_Adap_OnlyDLM
1.0	2	1.0	1	2894248	Hungarian_2.8	None	forWords_Finnish_OptimizeOrder_Coarse_FineSurprisal_Stoch_Adap_OnlyDLM
1.0	2	1.0	1	46329	Hungarian_2.8	None	forWords_Finnish_OptimizeOrder_Coarse_FineSurprisal_Stoch_Adap_OnlyDLM
1.0	2	1.0	1	7359750	Hungarian_2.8	None	forWords_Finnish_OptimizeOrder_Coarse_FineSurprisal_Stoch_Adap_OnlyDLM
1.0	2	1.0	1	7746517	Hungarian_2.8	None	forWords_Finnish_OptimizeOrder_Coarse_FineSurprisal_Stoch_Adap_OnlyDLM
1.0	2	1.0	1	402890	Hungarian_2.8	None	forWords_Finnish_OptimizeOrder_Coarse_FineSurprisal_Stoch_Adap_OnlyDLM
1.0	2	1.0	1	1765144	Icelandic_2.8	None	forWords_Finnish_OptimizeOrder_Coarse_FineSurprisal_Stoch_Adap_OnlyDLM
1.0	2	1.0	1	7752026	Icelandic_2.8	None	forWords_Finnish_OptimizeOrder_Coarse_FineSurprisal_Stoch_Adap_OnlyDLM
1.0	2	1.0	1	3272325	Icelandic_2.8	None	forWords_Finnish_OptimizeOrder_Coarse_FineSurprisal_Stoch_Adap_OnlyDLM
1.0	2	1.0	1	4377564	Icelandic_2.8	None	forWords_Finnish_OptimizeOrder_Coarse_FineSurprisal_Stoch_Adap_OnlyDLM
1.0	2	1.0	1	6825011	Icelandic_2.8	None	forWords_Finnish_OptimizeOrder_Coarse_FineSurprisal_Stoch_Adap_OnlyDLM
1.0	2	1.0	1	7563935	Icelandic_2.8	None	forWords_Finnish_OptimizeOrder_Coarse_FineSurprisal_Stoch_Adap_OnlyDLM
1.0	2	1.0	1	8959068	Icelandic_2.8	None	forWords_Finnish_OptimizeOrder_Coarse_FineSurprisal_Stoch_Adap_OnlyDLM
1.0	2	1.0	1	4469906	Icelandic_2.8	None	forWords_Finnish_OptimizeOrder_Coarse_FineSurprisal_Stoch_Adap_OnlyDLM
1.0	2	1.0	1	7258851	Icelandic_2.8	None	forWords_Finnish_OptimizeOrder_Coarse_FineSurprisal_Stoch_Adap_OnlyDLM
1.0	2	1.0	1	8035102	Icelandic_2.8	None	forWords_Finnish_OptimizeOrder_Coarse_FineSurprisal_Stoch_Adap_OnlyDLM
1.0	2	1.0	1	9680594	Indonesian_2.8	None	forWords_Finnish_OptimizeOrder_Coarse_FineSurprisal_Stoch_Adap_OnlyDLM
1.0	2	1.0	1	7917353	Indonesian_2.8	None	forWords_Finnish_OptimizeOrder_Coarse_FineSurprisal_Stoch_Adap_OnlyDLM
1.0	2	1.0	1	7368693	Indonesian_2.8	None	forWords_Finnish_OptimizeOrder_Coarse_FineSurprisal_Stoch_Adap_OnlyDLM
1.0	2	1.0	1	5732796	Indonesian_2.8	None	forWords_Finnish_OptimizeOrder_Coarse_FineSurprisal_Stoch_Adap_OnlyDLM
1.0	2	1.0	1	3502310	Indonesian_2.8	None	forWords_Finnish_OptimizeOrder_Coarse_FineSurprisal_Stoch_Adap_OnlyDLM
1.0	2	1.0	1	1367526	Indonesian_2.8	None	forWords_Finnish_OptimizeOrder_Coarse_FineSurprisal_Stoch_Adap_OnlyDLM
1.0	2	1.0	1	6379852	Indonesian_2.8	None	forWords_Finnish_OptimizeOrder_Coarse_FineSurprisal_Stoch_Adap_OnlyDLM
1.0	2	1.0	1	5141673	Indonesian_2.8	None	forWords_Finnish_OptimizeOrder_Coarse_FineSurprisal_Stoch_Adap_OnlyDLM
1.0	2	1.0	1	7717679	Indonesian_2.8	None	forWords_Finnish_OptimizeOrder_Coarse_FineSurprisal_Stoch_Adap_OnlyDLM
1.0	2	1.0	1	5535583	Indonesian_2.8	None	forWords_Finnish_OptimizeOrder_Coarse_FineSurprisal_Stoch_Adap_OnlyDLM
1.0	2	1.0	1	7368062	Indonesian_2.8	None	forWords_Finnish_OptimizeOrder_Coarse_FineSurprisal_Stoch_Adap_OnlyDLM
1.0	2	1.0	1	3415451	Irish_2.8	None	forWords_Finnish_OptimizeOrder_Coarse_FineSurprisal_Stoch_Adap_OnlyDLM
1.0	2	1.0	1	6248174	Irish_2.8	None	forWords_Finnish_OptimizeOrder_Coarse_FineSurprisal_Stoch_Adap_OnlyDLM
1.0	2	1.0	1	3263308	Irish_2.8	None	forWords_Finnish_OptimizeOrder_Coarse_FineSurprisal_Stoch_Adap_OnlyDLM
1.0	2	1.0	1	4564511	Irish_2.8	None	forWords_Finnish_OptimizeOrder_Coarse_FineSurprisal_Stoch_Adap_OnlyDLM
1.0	2	1.0	1	8852088	Irish_2.8	None	forWords_Finnish_OptimizeOrder_Coarse_FineSurprisal_Stoch_Adap_OnlyDLM
1.0	2	1.0	1	7532182	Irish_2.8	None	forWords_Finnish_OptimizeOrder_Coarse_FineSurprisal_Stoch_Adap_OnlyDLM
1.0	2	1.0	1	7544411	Irish_2.8	None	forWords_Finnish_OptimizeOrder_Coarse_FineSurprisal_Stoch_Adap_OnlyDLM
1.0	2	1.0	1	1808305	Irish_2.8	None	forWords_Finnish_OptimizeOrder_Coarse_FineSurprisal_Stoch_Adap_OnlyDLM
1.0	2	1.0	1	2350325	Irish_2.8	None	forWords_Finnish_OptimizeOrder_Coarse_FineSurprisal_Stoch_Adap_OnlyDLM
1.0	2	1.0	1	6240884	Irish_2.8	None	forWords_Finnish_OptimizeOrder_Coarse_FineSurprisal_Stoch_Adap_OnlyDLM
1.0	2	1.0	1	3856540	Irish_2.8	None	forWords_Finnish_OptimizeOrder_Coarse_FineSurprisal_Stoch_Adap_OnlyDLM
1.0	2	1.0	1	7442737	Italian_2.8	None	forWords_Finnish_OptimizeOrder_Coarse_FineSurprisal_Stoch_Adap_OnlyDLM
1.0	2	1.0	1	3351149	Italian_2.8	None	forWords_Finnish_OptimizeOrder_Coarse_FineSurprisal_Stoch_Adap_OnlyDLM
1.0	2	1.0	1	333738	Italian_2.8	None	forWords_Finnish_OptimizeOrder_Coarse_FineSurprisal_Stoch_Adap_OnlyDLM
1.0	2	1.0	1	8854596	Italian_2.8	None	forWords_Finnish_OptimizeOrder_Coarse_FineSurprisal_Stoch_Adap_OnlyDLM
1.0	2	1.0	1	4419253	Italian_2.8	None	forWords_Finnish_OptimizeOrder_Coarse_FineSurprisal_Stoch_Adap_OnlyDLM
1.0	2	1.0	1	7306530	Italian_2.8	None	forWords_Finnish_OptimizeOrder_Coarse_FineSurprisal_Stoch_Adap_OnlyDLM
1.0	2	1.0	1	9598820	Italian_2.8	None	forWords_Finnish_OptimizeOrder_Coarse_FineSurprisal_Stoch_Adap_OnlyDLM
1.0	2	1.0	1	1166254	Italian_2.8	None	forWords_Finnish_OptimizeOrder_Coarse_FineSurprisal_Stoch_Adap_OnlyDLM
1.0	2	1.0	1	5304821	Italian_2.8	None	forWords_Finnish_OptimizeOrder_Coarse_FineSurprisal_Stoch_Adap_OnlyDLM
1.0	2	1.0	1	2853582	Italian_2.8	None	forWords_Finnish_OptimizeOrder_Coarse_FineSurprisal_Stoch_Adap_OnlyDLM
1.0	2	1.0	1	1220228	Japanese-GSD_2.6	None	forWords_Finnish_OptimizeOrder_Coarse_FineSurprisal_Stoch_Adap_OnlyDLM
1.0	2	1.0	1	9095235	Japanese-GSD_2.6	None	forWords_Finnish_OptimizeOrder_Coarse_FineSurprisal_Stoch_Adap_OnlyDLM
1.0	2	1.0	1	2550756	Japanese-GSD_2.6	None	forWords_Finnish_OptimizeOrder_Coarse_FineSurprisal_Stoch_Adap_OnlyDLM
1.0	2	1.0	1	3318206	Japanese-GSD_2.6	None	forWords_Finnish_OptimizeOrder_Coarse_FineSurprisal_Stoch_Adap_OnlyDLM
1.0	2	1.0	1	9855209	Japanese-GSD_2.6	None	forWords_Finnish_OptimizeOrder_Coarse_FineSurprisal_Stoch_Adap_OnlyDLM
1.0	2	1.0	1	9475962	Japanese-GSD_2.6	None	forWords_Finnish_OptimizeOrder_Coarse_FineSurprisal_Stoch_Adap_OnlyDLM
1.0	2	1.0	1	5995136	Japanese-GSD_2.6	None	forWords_Finnish_OptimizeOrder_Coarse_FineSurprisal_Stoch_Adap_OnlyDLM
1.0	2	1.0	1	645994	Japanese-GSD_2.8	None	forWords_Finnish_OptimizeOrder_Coarse_FineSurprisal_Stoch_Adap_OnlyDLM
1.0	2	1.0	1	8173497	Japanese-GSD_2.8	None	forWords_Finnish_OptimizeOrder_Coarse_FineSurprisal_Stoch_Adap_OnlyDLM
1.0	2	1.0	1	8491841	Japanese-GSD_2.8	None	forWords_Finnish_OptimizeOrder_Coarse_FineSurprisal_Stoch_Adap_OnlyDLM
1.0	2	1.0	1	8362957	Japanese-GSD_2.8	None	forWords_Finnish_OptimizeOrder_Coarse_FineSurprisal_Stoch_Adap_OnlyDLM
1.0	2	1.0	1	5576152	Japanese-GSD_2.8	None	forWords_Finnish_OptimizeOrder_Coarse_FineSurprisal_Stoch_Adap_OnlyDLM
1.0	2	1.0	1	7404079	Japanese_2.8	None	forWords_Finnish_OptimizeOrder_Coarse_FineSurprisal_Stoch_Adap_OnlyDLM
1.0	2	1.0	1	6518436	Japanese_2.8	None	forWords_Finnish_OptimizeOrder_Coarse_FineSurprisal_Stoch_Adap_OnlyDLM
1.0	2	1.0	1	2350963	Kazakh_2.8	None	forWords_Finnish_OptimizeOrder_Coarse_FineSurprisal_Stoch_Adap_OnlyDLM
1.0	2	1.0	1	987014	Kazakh_2.8	None	forWords_Finnish_OptimizeOrder_Coarse_FineSurprisal_Stoch_Adap_OnlyDLM
1.0	2	1.0	1	9168522	Kazakh_2.8	None	forWords_Finnish_OptimizeOrder_Coarse_FineSurprisal_Stoch_Adap_OnlyDLM
1.0	2	1.0	1	1559956	Kazakh_2.8	None	forWords_Finnish_OptimizeOrder_Coarse_FineSurprisal_Stoch_Adap_OnlyDLM
1.0	2	1.0	1	992690	Kazakh_2.8	None	forWords_Finnish_OptimizeOrder_Coarse_FineSurprisal_Stoch_Adap_OnlyDLM
1.0	2	1.0	1	554825	Kazakh_2.8	None	forWords_Finnish_OptimizeOrder_Coarse_FineSurprisal_Stoch_Adap_OnlyDLM
1.0	2	1.0	1	965090	Kazakh_2.8	None	forWords_Finnish_OptimizeOrder_Coarse_FineSurprisal_Stoch_Adap_OnlyDLM
1.0	2	1.0	1	3010686	Kazakh_2.8	None	forWords_Finnish_OptimizeOrder_Coarse_FineSurprisal_Stoch_Adap_OnlyDLM
1.0	2	1.0	1	9857196	Kazakh_2.8	None	forWords_Finnish_OptimizeOrder_Coarse_FineSurprisal_Stoch_Adap_OnlyDLM
1.0	2	1.0	1	4119680	Kazakh_2.8	None	forWords_Finnish_OptimizeOrder_Coarse_FineSurprisal_Stoch_Adap_OnlyDLM
1.0	2	1.0	1	7220856	Kiche_2.8	None	forWords_Finnish_OptimizeOrder_Coarse_FineSurprisal_Stoch_Adap_OnlyDLM
1.0	2	1.0	1	1661550	Kiche_2.8	None	forWords_Finnish_OptimizeOrder_Coarse_FineSurprisal_Stoch_Adap_OnlyDLM
1.0	2	1.0	1	826907	Kiche_2.8	None	forWords_Finnish_OptimizeOrder_Coarse_FineSurprisal_Stoch_Adap_OnlyDLM
1.0	2	1.0	1	2139722	Kiche_2.8	None	forWords_Finnish_OptimizeOrder_Coarse_FineSurprisal_Stoch_Adap_OnlyDLM
1.0	2	1.0	1	8075886	Kiche_2.8	None	forWords_Finnish_OptimizeOrder_Coarse_FineSurprisal_Stoch_Adap_OnlyDLM
1.0	2	1.0	1	7903700	Kiche_2.8	None	forWords_Finnish_OptimizeOrder_Coarse_FineSurprisal_Stoch_Adap_OnlyDLM
1.0	2	1.0	1	1946263	Kiche_2.8	None	forWords_Finnish_OptimizeOrder_Coarse_FineSurprisal_Stoch_Adap_OnlyDLM
1.0	2	1.0	1	4773726	Kiche_2.8	None	forWords_Finnish_OptimizeOrder_Coarse_FineSurprisal_Stoch_Adap_OnlyDLM
1.0	2	1.0	1	541763	Kiche_2.8	None	forWords_Finnish_OptimizeOrder_Coarse_FineSurprisal_Stoch_Adap_OnlyDLM
1.0	2	1.0	1	7264174	Kiche_2.8	None	forWords_Finnish_OptimizeOrder_Coarse_FineSurprisal_Stoch_Adap_OnlyDLM
1.0	2	1.0	1	2618177	Komi_Zyrian_2.8	None	forWords_Finnish_OptimizeOrder_Coarse_FineSurprisal_Stoch_Adap_OnlyDLM
1.0	2	1.0	1	8501748	Komi_Zyrian_2.8	None	forWords_Finnish_OptimizeOrder_Coarse_FineSurprisal_Stoch_Adap_OnlyDLM
1.0	2	1.0	1	8270925	Komi_Zyrian_2.8	None	forWords_Finnish_OptimizeOrder_Coarse_FineSurprisal_Stoch_Adap_OnlyDLM
1.0	2	1.0	1	4535611	Komi_Zyrian_2.8	None	forWords_Finnish_OptimizeOrder_Coarse_FineSurprisal_Stoch_Adap_OnlyDLM
1.0	2	1.0	1	2068580	Komi_Zyrian_2.8	None	forWords_Finnish_OptimizeOrder_Coarse_FineSurprisal_Stoch_Adap_OnlyDLM
1.0	2	1.0	1	9907271	Komi_Zyrian_2.8	None	forWords_Finnish_OptimizeOrder_Coarse_FineSurprisal_Stoch_Adap_OnlyDLM
1.0	2	1.0	1	8746058	Komi_Zyrian_2.8	None	forWords_Finnish_OptimizeOrder_Coarse_FineSurprisal_Stoch_Adap_OnlyDLM
1.0	2	1.0	1	1324985	Komi_Zyrian_2.8	None	forWords_Finnish_OptimizeOrder_Coarse_FineSurprisal_Stoch_Adap_OnlyDLM
1.0	2	1.0	1	5099799	Komi_Zyrian_2.8	None	forWords_Finnish_OptimizeOrder_Coarse_FineSurprisal_Stoch_Adap_OnlyDLM
1.0	2	1.0	1	2496692	Komi_Zyrian_2.8	None	forWords_Finnish_OptimizeOrder_Coarse_FineSurprisal_Stoch_Adap_OnlyDLM
1.0	2	1.0	1	6193878	Korean_2.8	None	forWords_Finnish_OptimizeOrder_Coarse_FineSurprisal_Stoch_Adap_OnlyDLM
1.0	2	1.0	1	4213248	Korean_2.8	None	forWords_Finnish_OptimizeOrder_Coarse_FineSurprisal_Stoch_Adap_OnlyDLM
1.0	2	1.0	1	7488266	Korean_2.8	None	forWords_Finnish_OptimizeOrder_Coarse_FineSurprisal_Stoch_Adap_OnlyDLM
1.0	2	1.0	1	6355417	Korean_2.8	None	forWords_Finnish_OptimizeOrder_Coarse_FineSurprisal_Stoch_Adap_OnlyDLM
1.0	2	1.0	1	3985050	Korean_2.8	None	forWords_Finnish_OptimizeOrder_Coarse_FineSurprisal_Stoch_Adap_OnlyDLM
1.0	2	1.0	1	548030	Korean_2.8	None	forWords_Finnish_OptimizeOrder_Coarse_FineSurprisal_Stoch_Adap_OnlyDLM
1.0	2	1.0	1	9389795	Korean_2.8	None	forWords_Finnish_OptimizeOrder_Coarse_FineSurprisal_Stoch_Adap_OnlyDLM
1.0	2	1.0	1	7910885	Korean_2.8	None	forWords_Finnish_OptimizeOrder_Coarse_FineSurprisal_Stoch_Adap_OnlyDLM
1.0	2	1.0	1	3123781	Korean_2.8	None	forWords_Finnish_OptimizeOrder_Coarse_FineSurprisal_Stoch_Adap_OnlyDLM
1.0	2	1.0	1	3242187	Korean_2.8	None	forWords_Finnish_OptimizeOrder_Coarse_FineSurprisal_Stoch_Adap_OnlyDLM
1.0	2	1.0	1	1528291	Korean_2.8	None	forWords_Finnish_OptimizeOrder_Coarse_FineSurprisal_Stoch_Adap_OnlyDLM
1.0	2	1.0	1	7487162	Kurmanji_2.8	None	forWords_Finnish_OptimizeOrder_Coarse_FineSurprisal_Stoch_Adap_OnlyDLM
1.0	2	1.0	1	4244616	Kurmanji_2.8	None	forWords_Finnish_OptimizeOrder_Coarse_FineSurprisal_Stoch_Adap_OnlyDLM
1.0	2	1.0	1	1715430	Kurmanji_2.8	None	forWords_Finnish_OptimizeOrder_Coarse_FineSurprisal_Stoch_Adap_OnlyDLM
1.0	2	1.0	1	738437	Kurmanji_2.8	None	forWords_Finnish_OptimizeOrder_Coarse_FineSurprisal_Stoch_Adap_OnlyDLM
1.0	2	1.0	1	1978360	Kurmanji_2.8	None	forWords_Finnish_OptimizeOrder_Coarse_FineSurprisal_Stoch_Adap_OnlyDLM
1.0	2	1.0	1	8832930	Kurmanji_2.8	None	forWords_Finnish_OptimizeOrder_Coarse_FineSurprisal_Stoch_Adap_OnlyDLM
1.0	2	1.0	1	360346	Kurmanji_2.8	None	forWords_Finnish_OptimizeOrder_Coarse_FineSurprisal_Stoch_Adap_OnlyDLM
1.0	2	1.0	1	1848321	Kurmanji_2.8	None	forWords_Finnish_OptimizeOrder_Coarse_FineSurprisal_Stoch_Adap_OnlyDLM
1.0	2	1.0	1	7569822	Kurmanji_2.8	None	forWords_Finnish_OptimizeOrder_Coarse_FineSurprisal_Stoch_Adap_OnlyDLM
1.0	2	1.0	1	1735677	Kurmanji_2.8	None	forWords_Finnish_OptimizeOrder_Coarse_FineSurprisal_Stoch_Adap_OnlyDLM
1.0	2	1.0	1	2108003	Kurmanji_2.8	None	forWords_Finnish_OptimizeOrder_Coarse_FineSurprisal_Stoch_Adap_OnlyDLM
1.0	2	1.0	1	7479599	Kurmanji_2.8	None	forWords_Finnish_OptimizeOrder_Coarse_FineSurprisal_Stoch_Adap_OnlyDLM
1.0	2	1.0	1	5031202	Kurmanji_2.8	None	forWords_Finnish_OptimizeOrder_Coarse_FineSurprisal_Stoch_Adap_OnlyDLM
1.0	2	1.0	1	7174264	Latin_2.8	None	forWords_Finnish_OptimizeOrder_Coarse_FineSurprisal_Stoch_Adap_OnlyDLM
1.0	2	1.0	1	2526434	Latin_2.8	None	forWords_Finnish_OptimizeOrder_Coarse_FineSurprisal_Stoch_Adap_OnlyDLM
1.0	2	1.0	1	1322271	Latin_2.8	None	forWords_Finnish_OptimizeOrder_Coarse_FineSurprisal_Stoch_Adap_OnlyDLM
1.0	2	1.0	1	4825483	Latin_2.8	None	forWords_Finnish_OptimizeOrder_Coarse_FineSurprisal_Stoch_Adap_OnlyDLM
1.0	2	1.0	1	9227808	Latin_2.8	None	forWords_Finnish_OptimizeOrder_Coarse_FineSurprisal_Stoch_Adap_OnlyDLM
1.0	2	1.0	1	3472326	Latin_2.8	None	forWords_Finnish_OptimizeOrder_Coarse_FineSurprisal_Stoch_Adap_OnlyDLM
1.0	2	1.0	1	7796108	Latin_2.8	None	forWords_Finnish_OptimizeOrder_Coarse_FineSurprisal_Stoch_Adap_OnlyDLM
1.0	2	1.0	1	6473477	Latin_2.8	None	forWords_Finnish_OptimizeOrder_Coarse_FineSurprisal_Stoch_Adap_OnlyDLM
1.0	2	1.0	1	7471383	Latin_2.8	None	forWords_Finnish_OptimizeOrder_Coarse_FineSurprisal_Stoch_Adap_OnlyDLM
1.0	2	1.0	1	7369555	Latin_2.8	None	forWords_Finnish_OptimizeOrder_Coarse_FineSurprisal_Stoch_Adap_OnlyDLM
1.0	2	1.0	1	3461429	Latvian_2.8	None	forWords_Finnish_OptimizeOrder_Coarse_FineSurprisal_Stoch_Adap_OnlyDLM
1.0	2	1.0	1	3841766	Latvian_2.8	None	forWords_Finnish_OptimizeOrder_Coarse_FineSurprisal_Stoch_Adap_OnlyDLM
1.0	2	1.0	1	8917492	Latvian_2.8	None	forWords_Finnish_OptimizeOrder_Coarse_FineSurprisal_Stoch_Adap_OnlyDLM
1.0	2	1.0	1	6818762	Latvian_2.8	None	forWords_Finnish_OptimizeOrder_Coarse_FineSurprisal_Stoch_Adap_OnlyDLM
1.0	2	1.0	1	1975468	Latvian_2.8	None	forWords_Finnish_OptimizeOrder_Coarse_FineSurprisal_Stoch_Adap_OnlyDLM
1.0	2	1.0	1	9677437	Latvian_2.8	None	forWords_Finnish_OptimizeOrder_Coarse_FineSurprisal_Stoch_Adap_OnlyDLM
1.0	2	1.0	1	4769758	Latvian_2.8	None	forWords_Finnish_OptimizeOrder_Coarse_FineSurprisal_Stoch_Adap_OnlyDLM
1.0	2	1.0	1	5260117	Latvian_2.8	None	forWords_Finnish_OptimizeOrder_Coarse_FineSurprisal_Stoch_Adap_OnlyDLM
1.0	2	1.0	1	7866783	Latvian_2.8	None	forWords_Finnish_OptimizeOrder_Coarse_FineSurprisal_Stoch_Adap_OnlyDLM
1.0	2	1.0	1	3173097	Latvian_2.8	None	forWords_Finnish_OptimizeOrder_Coarse_FineSurprisal_Stoch_Adap_OnlyDLM
1.0	2	1.0	1	3904824	Lithuanian_2.8	None	forWords_Finnish_OptimizeOrder_Coarse_FineSurprisal_Stoch_Adap_OnlyDLM
1.0	2	1.0	1	1538184	Lithuanian_2.8	None	forWords_Finnish_OptimizeOrder_Coarse_FineSurprisal_Stoch_Adap_OnlyDLM
1.0	2	1.0	1	1060193	Lithuanian_2.8	None	forWords_Finnish_OptimizeOrder_Coarse_FineSurprisal_Stoch_Adap_OnlyDLM
1.0	2	1.0	1	8191912	Lithuanian_2.8	None	forWords_Finnish_OptimizeOrder_Coarse_FineSurprisal_Stoch_Adap_OnlyDLM
1.0	2	1.0	1	3524204	Lithuanian_2.8	None	forWords_Finnish_OptimizeOrder_Coarse_FineSurprisal_Stoch_Adap_OnlyDLM
1.0	2	1.0	1	7737091	Lithuanian_2.8	None	forWords_Finnish_OptimizeOrder_Coarse_FineSurprisal_Stoch_Adap_OnlyDLM
1.0	2	1.0	1	174653	Lithuanian_2.8	None	forWords_Finnish_OptimizeOrder_Coarse_FineSurprisal_Stoch_Adap_OnlyDLM
1.0	2	1.0	1	6602032	Lithuanian_2.8	None	forWords_Finnish_OptimizeOrder_Coarse_FineSurprisal_Stoch_Adap_OnlyDLM
1.0	2	1.0	1	3291033	Lithuanian_2.8	None	forWords_Finnish_OptimizeOrder_Coarse_FineSurprisal_Stoch_Adap_OnlyDLM
1.0	2	1.0	1	7836296	Lithuanian_2.8	None	forWords_Finnish_OptimizeOrder_Coarse_FineSurprisal_Stoch_Adap_OnlyDLM
1.0	2	1.0	1	2010360	Lithuanian_2.8	None	forWords_Finnish_OptimizeOrder_Coarse_FineSurprisal_Stoch_Adap_OnlyDLM
1.0	2	1.0	1	9644598	Lithuanian_2.8	None	forWords_Finnish_OptimizeOrder_Coarse_FineSurprisal_Stoch_Adap_OnlyDLM
1.0	2	1.0	1	7187348	Lithuanian_2.8	None	forWords_Finnish_OptimizeOrder_Coarse_FineSurprisal_Stoch_Adap_OnlyDLM
1.0	2	1.0	1	5878382	Maltese_2.8	None	forWords_Finnish_OptimizeOrder_Coarse_FineSurprisal_Stoch_Adap_OnlyDLM
1.0	2	1.0	1	4619577	Maltese_2.8	None	forWords_Finnish_OptimizeOrder_Coarse_FineSurprisal_Stoch_Adap_OnlyDLM
1.0	2	1.0	1	3719012	Maltese_2.8	None	forWords_Finnish_OptimizeOrder_Coarse_FineSurprisal_Stoch_Adap_OnlyDLM
1.0	2	1.0	1	8649982	Maltese_2.8	None	forWords_Finnish_OptimizeOrder_Coarse_FineSurprisal_Stoch_Adap_OnlyDLM
1.0	2	1.0	1	9777790	Maltese_2.8	None	forWords_Finnish_OptimizeOrder_Coarse_FineSurprisal_Stoch_Adap_OnlyDLM
1.0	2	1.0	1	2486156	Maltese_2.8	None	forWords_Finnish_OptimizeOrder_Coarse_FineSurprisal_Stoch_Adap_OnlyDLM
1.0	2	1.0	1	5839233	Maltese_2.8	None	forWords_Finnish_OptimizeOrder_Coarse_FineSurprisal_Stoch_Adap_OnlyDLM
1.0	2	1.0	1	6635742	Maltese_2.8	None	forWords_Finnish_OptimizeOrder_Coarse_FineSurprisal_Stoch_Adap_OnlyDLM
1.0	2	1.0	1	6518418	Maltese_2.8	None	forWords_Finnish_OptimizeOrder_Coarse_FineSurprisal_Stoch_Adap_OnlyDLM
1.0	2	1.0	1	1711530	Maltese_2.8	None	forWords_Finnish_OptimizeOrder_Coarse_FineSurprisal_Stoch_Adap_OnlyDLM
1.0	2	1.0	1	7452790	Maltese_2.8	None	forWords_Finnish_OptimizeOrder_Coarse_FineSurprisal_Stoch_Adap_OnlyDLM
1.0	2	1.0	1	4261345	Maltese_2.8	None	forWords_Finnish_OptimizeOrder_Coarse_FineSurprisal_Stoch_Adap_OnlyDLM
1.0	2	1.0	1	8636758	Maltese_2.8	None	forWords_Finnish_OptimizeOrder_Coarse_FineSurprisal_Stoch_Adap_OnlyDLM
1.0	2	1.0	1	9488755	Manx_2.8	None	forWords_Finnish_OptimizeOrder_Coarse_FineSurprisal_Stoch_Adap_OnlyDLM
1.0	2	1.0	1	878531	Manx_2.8	None	forWords_Finnish_OptimizeOrder_Coarse_FineSurprisal_Stoch_Adap_OnlyDLM
1.0	2	1.0	1	7532738	Manx_2.8	None	forWords_Finnish_OptimizeOrder_Coarse_FineSurprisal_Stoch_Adap_OnlyDLM
1.0	2	1.0	1	9789569	Manx_2.8	None	forWords_Finnish_OptimizeOrder_Coarse_FineSurprisal_Stoch_Adap_OnlyDLM
1.0	2	1.0	1	8423904	Manx_2.8	None	forWords_Finnish_OptimizeOrder_Coarse_FineSurprisal_Stoch_Adap_OnlyDLM
1.0	2	1.0	1	6443496	Manx_2.8	None	forWords_Finnish_OptimizeOrder_Coarse_FineSurprisal_Stoch_Adap_OnlyDLM
1.0	2	1.0	1	1269312	Manx_2.8	None	forWords_Finnish_OptimizeOrder_Coarse_FineSurprisal_Stoch_Adap_OnlyDLM
1.0	2	1.0	1	3338539	Manx_2.8	None	forWords_Finnish_OptimizeOrder_Coarse_FineSurprisal_Stoch_Adap_OnlyDLM
1.0	2	1.0	1	6440366	Manx_2.8	None	forWords_Finnish_OptimizeOrder_Coarse_FineSurprisal_Stoch_Adap_OnlyDLM
1.0	2	1.0	1	8420421	Manx_2.8	None	forWords_Finnish_OptimizeOrder_Coarse_FineSurprisal_Stoch_Adap_OnlyDLM
1.0	2	1.0	1	8621534	Manx_2.8	None	forWords_Finnish_OptimizeOrder_Coarse_FineSurprisal_Stoch_Adap_OnlyDLM
1.0	2	1.0	1	2595844	Manx_2.8	None	forWords_Finnish_OptimizeOrder_Coarse_FineSurprisal_Stoch_Adap_OnlyDLM
1.0	2	1.0	1	2016813	Mbya_Guarani_2.8	None	forWords_Finnish_OptimizeOrder_Coarse_FineSurprisal_Stoch_Adap_OnlyDLM
1.0	2	1.0	1	6821191	Mbya_Guarani_2.8	None	forWords_Finnish_OptimizeOrder_Coarse_FineSurprisal_Stoch_Adap_OnlyDLM
1.0	2	1.0	1	2054437	Mbya_Guarani_2.8	None	forWords_Finnish_OptimizeOrder_Coarse_FineSurprisal_Stoch_Adap_OnlyDLM
1.0	2	1.0	1	8400475	Mbya_Guarani_2.8	None	forWords_Finnish_OptimizeOrder_Coarse_FineSurprisal_Stoch_Adap_OnlyDLM
1.0	2	1.0	1	4993933	Mbya_Guarani_2.8	None	forWords_Finnish_OptimizeOrder_Coarse_FineSurprisal_Stoch_Adap_OnlyDLM
1.0	2	1.0	1	8541304	Mbya_Guarani_2.8	None	forWords_Finnish_OptimizeOrder_Coarse_FineSurprisal_Stoch_Adap_OnlyDLM
1.0	2	1.0	1	6305445	Mbya_Guarani_2.8	None	forWords_Finnish_OptimizeOrder_Coarse_FineSurprisal_Stoch_Adap_OnlyDLM
1.0	2	1.0	1	7784796	Mbya_Guarani_2.8	None	forWords_Finnish_OptimizeOrder_Coarse_FineSurprisal_Stoch_Adap_OnlyDLM
1.0	2	1.0	1	456706	Mbya_Guarani_2.8	None	forWords_Finnish_OptimizeOrder_Coarse_FineSurprisal_Stoch_Adap_OnlyDLM
1.0	2	1.0	1	1883284	Mbya_Guarani_2.8	None	forWords_Finnish_OptimizeOrder_Coarse_FineSurprisal_Stoch_Adap_OnlyDLM
1.0	2	1.0	1	4775872	Mbya_Guarani_2.8	None	forWords_Finnish_OptimizeOrder_Coarse_FineSurprisal_Stoch_Adap_OnlyDLM
1.0	2	1.0	1	5185507	Naija_2.8	None	forWords_Finnish_OptimizeOrder_Coarse_FineSurprisal_Stoch_Adap_OnlyDLM
1.0	2	1.0	1	7608064	Naija_2.8	None	forWords_Finnish_OptimizeOrder_Coarse_FineSurprisal_Stoch_Adap_OnlyDLM
1.0	2	1.0	1	884854	Naija_2.8	None	forWords_Finnish_OptimizeOrder_Coarse_FineSurprisal_Stoch_Adap_OnlyDLM
1.0	2	1.0	1	1881395	Naija_2.8	None	forWords_Finnish_OptimizeOrder_Coarse_FineSurprisal_Stoch_Adap_OnlyDLM
1.0	2	1.0	1	5300229	Naija_2.8	None	forWords_Finnish_OptimizeOrder_Coarse_FineSurprisal_Stoch_Adap_OnlyDLM
1.0	2	1.0	1	4579516	Naija_2.8	None	forWords_Finnish_OptimizeOrder_Coarse_FineSurprisal_Stoch_Adap_OnlyDLM
1.0	2	1.0	1	4907910	Naija_2.8	None	forWords_Finnish_OptimizeOrder_Coarse_FineSurprisal_Stoch_Adap_OnlyDLM
1.0	2	1.0	1	9676798	Naija_2.8	None	forWords_Finnish_OptimizeOrder_Coarse_FineSurprisal_Stoch_Adap_OnlyDLM
1.0	2	1.0	1	6815996	Naija_2.8	None	forWords_Finnish_OptimizeOrder_Coarse_FineSurprisal_Stoch_Adap_OnlyDLM
1.0	2	1.0	1	9503810	Naija_2.8	None	forWords_Finnish_OptimizeOrder_Coarse_FineSurprisal_Stoch_Adap_OnlyDLM
1.0	2	1.0	1	3982584	North_Sami_2.8	None	forWords_Finnish_OptimizeOrder_Coarse_FineSurprisal_Stoch_Adap_OnlyDLM
1.0	2	1.0	1	7854165	North_Sami_2.8	None	forWords_Finnish_OptimizeOrder_Coarse_FineSurprisal_Stoch_Adap_OnlyDLM
1.0	2	1.0	1	2757986	North_Sami_2.8	None	forWords_Finnish_OptimizeOrder_Coarse_FineSurprisal_Stoch_Adap_OnlyDLM
1.0	2	1.0	1	5159033	North_Sami_2.8	None	forWords_Finnish_OptimizeOrder_Coarse_FineSurprisal_Stoch_Adap_OnlyDLM
1.0	2	1.0	1	5798735	North_Sami_2.8	None	forWords_Finnish_OptimizeOrder_Coarse_FineSurprisal_Stoch_Adap_OnlyDLM
1.0	2	1.0	1	6116005	North_Sami_2.8	None	forWords_Finnish_OptimizeOrder_Coarse_FineSurprisal_Stoch_Adap_OnlyDLM
1.0	2	1.0	1	2929475	North_Sami_2.8	None	forWords_Finnish_OptimizeOrder_Coarse_FineSurprisal_Stoch_Adap_OnlyDLM
1.0	2	1.0	1	6588410	North_Sami_2.8	None	forWords_Finnish_OptimizeOrder_Coarse_FineSurprisal_Stoch_Adap_OnlyDLM
1.0	2	1.0	1	2178302	North_Sami_2.8	None	forWords_Finnish_OptimizeOrder_Coarse_FineSurprisal_Stoch_Adap_OnlyDLM
1.0	2	1.0	1	9922411	North_Sami_2.8	None	forWords_Finnish_OptimizeOrder_Coarse_FineSurprisal_Stoch_Adap_OnlyDLM
1.0	2	1.0	1	6330043	North_Sami_2.8	None	forWords_Finnish_OptimizeOrder_Coarse_FineSurprisal_Stoch_Adap_OnlyDLM
1.0	2	1.0	1	2865791	Norwegian_2.8	None	forWords_Finnish_OptimizeOrder_Coarse_FineSurprisal_Stoch_Adap_OnlyDLM
1.0	2	1.0	1	6659059	Norwegian_2.8	None	forWords_Finnish_OptimizeOrder_Coarse_FineSurprisal_Stoch_Adap_OnlyDLM
1.0	2	1.0	1	1404927	Norwegian_2.8	None	forWords_Finnish_OptimizeOrder_Coarse_FineSurprisal_Stoch_Adap_OnlyDLM
1.0	2	1.0	1	8820509	Norwegian_2.8	None	forWords_Finnish_OptimizeOrder_Coarse_FineSurprisal_Stoch_Adap_OnlyDLM
1.0	2	1.0	1	8822190	Norwegian_2.8	None	forWords_Finnish_OptimizeOrder_Coarse_FineSurprisal_Stoch_Adap_OnlyDLM
1.0	2	1.0	1	1808777	Norwegian_2.8	None	forWords_Finnish_OptimizeOrder_Coarse_FineSurprisal_Stoch_Adap_OnlyDLM
1.0	2	1.0	1	2201296	Norwegian_2.8	None	forWords_Finnish_OptimizeOrder_Coarse_FineSurprisal_Stoch_Adap_OnlyDLM
1.0	2	1.0	1	557816	Norwegian_2.8	None	forWords_Finnish_OptimizeOrder_Coarse_FineSurprisal_Stoch_Adap_OnlyDLM
1.0	2	1.0	1	66665	Norwegian_2.8	None	forWords_Finnish_OptimizeOrder_Coarse_FineSurprisal_Stoch_Adap_OnlyDLM
1.0	2	1.0	1	4224117	Norwegian_2.8	None	forWords_Finnish_OptimizeOrder_Coarse_FineSurprisal_Stoch_Adap_OnlyDLM
1.0	2	1.0	1	3252877	Norwegian_2.8	None	forWords_Finnish_OptimizeOrder_Coarse_FineSurprisal_Stoch_Adap_OnlyDLM
1.0	2	1.0	1	2465609	Norwegian_2.8	None	forWords_Finnish_OptimizeOrder_Coarse_FineSurprisal_Stoch_Adap_OnlyDLM
1.0	2	1.0	1	6811258	Old_Church_Slavonic_2.8	None	forWords_Finnish_OptimizeOrder_Coarse_FineSurprisal_Stoch_Adap_OnlyDLM
1.0	2	1.0	1	8749442	Old_Church_Slavonic_2.8	None	forWords_Finnish_OptimizeOrder_Coarse_FineSurprisal_Stoch_Adap_OnlyDLM
1.0	2	1.0	1	6373529	Old_Church_Slavonic_2.8	None	forWords_Finnish_OptimizeOrder_Coarse_FineSurprisal_Stoch_Adap_OnlyDLM
1.0	2	1.0	1	2826581	Old_Church_Slavonic_2.8	None	forWords_Finnish_OptimizeOrder_Coarse_FineSurprisal_Stoch_Adap_OnlyDLM
1.0	2	1.0	1	9699389	Old_Church_Slavonic_2.8	None	forWords_Finnish_OptimizeOrder_Coarse_FineSurprisal_Stoch_Adap_OnlyDLM
1.0	2	1.0	1	1445895	Old_Church_Slavonic_2.8	None	forWords_Finnish_OptimizeOrder_Coarse_FineSurprisal_Stoch_Adap_OnlyDLM
1.0	2	1.0	1	3523618	Old_Church_Slavonic_2.8	None	forWords_Finnish_OptimizeOrder_Coarse_FineSurprisal_Stoch_Adap_OnlyDLM
1.0	2	1.0	1	1776797	Old_Church_Slavonic_2.8	None	forWords_Finnish_OptimizeOrder_Coarse_FineSurprisal_Stoch_Adap_OnlyDLM
1.0	2	1.0	1	9869312	Old_Church_Slavonic_2.8	None	forWords_Finnish_OptimizeOrder_Coarse_FineSurprisal_Stoch_Adap_OnlyDLM
1.0	2	1.0	1	30629	Old_Church_Slavonic_2.8	None	forWords_Finnish_OptimizeOrder_Coarse_FineSurprisal_Stoch_Adap_OnlyDLM
1.0	2	1.0	1	6293854	Old_East_Slavic_2.8	None	forWords_Finnish_OptimizeOrder_Coarse_FineSurprisal_Stoch_Adap_OnlyDLM
1.0	2	1.0	1	802905	Old_East_Slavic_2.8	None	forWords_Finnish_OptimizeOrder_Coarse_FineSurprisal_Stoch_Adap_OnlyDLM
1.0	2	1.0	1	6657370	Old_East_Slavic_2.8	None	forWords_Finnish_OptimizeOrder_Coarse_FineSurprisal_Stoch_Adap_OnlyDLM
1.0	2	1.0	1	4553863	Old_East_Slavic_2.8	None	forWords_Finnish_OptimizeOrder_Coarse_FineSurprisal_Stoch_Adap_OnlyDLM
1.0	2	1.0	1	9366992	Old_East_Slavic_2.8	None	forWords_Finnish_OptimizeOrder_Coarse_FineSurprisal_Stoch_Adap_OnlyDLM
1.0	2	1.0	1	4834000	Old_East_Slavic_2.8	None	forWords_Finnish_OptimizeOrder_Coarse_FineSurprisal_Stoch_Adap_OnlyDLM
1.0	2	1.0	1	5762666	Old_East_Slavic_2.8	None	forWords_Finnish_OptimizeOrder_Coarse_FineSurprisal_Stoch_Adap_OnlyDLM
1.0	2	1.0	1	3286444	Old_East_Slavic_2.8	None	forWords_Finnish_OptimizeOrder_Coarse_FineSurprisal_Stoch_Adap_OnlyDLM
1.0	2	1.0	1	8867352	Old_East_Slavic_2.8	None	forWords_Finnish_OptimizeOrder_Coarse_FineSurprisal_Stoch_Adap_OnlyDLM
1.0	2	1.0	1	5750402	Old_East_Slavic_2.8	None	forWords_Finnish_OptimizeOrder_Coarse_FineSurprisal_Stoch_Adap_OnlyDLM
1.0	2	1.0	1	9727787	Old_East_Slavic_2.8	None	forWords_Finnish_OptimizeOrder_Coarse_FineSurprisal_Stoch_Adap_OnlyDLM
1.0	2	1.0	1	2980275	Old_French_2.8	None	forWords_Finnish_OptimizeOrder_Coarse_FineSurprisal_Stoch_Adap_OnlyDLM
1.0	2	1.0	1	9119968	Old_French_2.8	None	forWords_Finnish_OptimizeOrder_Coarse_FineSurprisal_Stoch_Adap_OnlyDLM
1.0	2	1.0	1	2804560	Old_French_2.8	None	forWords_Finnish_OptimizeOrder_Coarse_FineSurprisal_Stoch_Adap_OnlyDLM
1.0	2	1.0	1	6146621	Old_French_2.8	None	forWords_Finnish_OptimizeOrder_Coarse_FineSurprisal_Stoch_Adap_OnlyDLM
1.0	2	1.0	1	4942948	Old_French_2.8	None	forWords_Finnish_OptimizeOrder_Coarse_FineSurprisal_Stoch_Adap_OnlyDLM
1.0	2	1.0	1	8909014	Old_French_2.8	None	forWords_Finnish_OptimizeOrder_Coarse_FineSurprisal_Stoch_Adap_OnlyDLM
1.0	2	1.0	1	273522	Old_French_2.8	None	forWords_Finnish_OptimizeOrder_Coarse_FineSurprisal_Stoch_Adap_OnlyDLM
1.0	2	1.0	1	2998670	Old_French_2.8	None	forWords_Finnish_OptimizeOrder_Coarse_FineSurprisal_Stoch_Adap_OnlyDLM
1.0	2	1.0	1	2413043	Old_French_2.8	None	forWords_Finnish_OptimizeOrder_Coarse_FineSurprisal_Stoch_Adap_OnlyDLM
1.0	2	1.0	1	5734328	Old_French_2.8	None	forWords_Finnish_OptimizeOrder_Coarse_FineSurprisal_Stoch_Adap_OnlyDLM
1.0	2	1.0	1	4067770	Persian_2.8	None	forWords_Finnish_OptimizeOrder_Coarse_FineSurprisal_Stoch_Adap_OnlyDLM
1.0	2	1.0	1	584451	Persian_2.8	None	forWords_Finnish_OptimizeOrder_Coarse_FineSurprisal_Stoch_Adap_OnlyDLM
1.0	2	1.0	1	7932671	Persian_2.8	None	forWords_Finnish_OptimizeOrder_Coarse_FineSurprisal_Stoch_Adap_OnlyDLM
1.0	2	1.0	1	8520812	Persian_2.8	None	forWords_Finnish_OptimizeOrder_Coarse_FineSurprisal_Stoch_Adap_OnlyDLM
1.0	2	1.0	1	1949874	Persian_2.8	None	forWords_Finnish_OptimizeOrder_Coarse_FineSurprisal_Stoch_Adap_OnlyDLM
1.0	2	1.0	1	873046	Persian_2.8	None	forWords_Finnish_OptimizeOrder_Coarse_FineSurprisal_Stoch_Adap_OnlyDLM
1.0	2	1.0	1	5115024	Persian_2.8	None	forWords_Finnish_OptimizeOrder_Coarse_FineSurprisal_Stoch_Adap_OnlyDLM
1.0	2	1.0	1	9862425	Persian_2.8	None	forWords_Finnish_OptimizeOrder_Coarse_FineSurprisal_Stoch_Adap_OnlyDLM
1.0	2	1.0	1	8820283	Persian_2.8	None	forWords_Finnish_OptimizeOrder_Coarse_FineSurprisal_Stoch_Adap_OnlyDLM
1.0	2	1.0	1	7429259	Persian_2.8	None	forWords_Finnish_OptimizeOrder_Coarse_FineSurprisal_Stoch_Adap_OnlyDLM
1.0	2	1.0	1	3626522	Polish_2.8	None	forWords_Finnish_OptimizeOrder_Coarse_FineSurprisal_Stoch_Adap_OnlyDLM
1.0	2	1.0	1	3268104	Polish_2.8	None	forWords_Finnish_OptimizeOrder_Coarse_FineSurprisal_Stoch_Adap_OnlyDLM
1.0	2	1.0	1	5270297	Polish_2.8	None	forWords_Finnish_OptimizeOrder_Coarse_FineSurprisal_Stoch_Adap_OnlyDLM
1.0	2	1.0	1	3467389	Polish_2.8	None	forWords_Finnish_OptimizeOrder_Coarse_FineSurprisal_Stoch_Adap_OnlyDLM
1.0	2	1.0	1	204385	Polish_2.8	None	forWords_Finnish_OptimizeOrder_Coarse_FineSurprisal_Stoch_Adap_OnlyDLM
1.0	2	1.0	1	4782011	Polish_2.8	None	forWords_Finnish_OptimizeOrder_Coarse_FineSurprisal_Stoch_Adap_OnlyDLM
1.0	2	1.0	1	6742053	Polish_2.8	None	forWords_Finnish_OptimizeOrder_Coarse_FineSurprisal_Stoch_Adap_OnlyDLM
1.0	2	1.0	1	5747112	Polish_2.8	None	forWords_Finnish_OptimizeOrder_Coarse_FineSurprisal_Stoch_Adap_OnlyDLM
1.0	2	1.0	1	2927173	Polish_2.8	None	forWords_Finnish_OptimizeOrder_Coarse_FineSurprisal_Stoch_Adap_OnlyDLM
1.0	2	1.0	1	8669495	Polish_2.8	None	forWords_Finnish_OptimizeOrder_Coarse_FineSurprisal_Stoch_Adap_OnlyDLM
1.0	2	1.0	1	5173029	Portuguese_2.8	None	forWords_Finnish_OptimizeOrder_Coarse_FineSurprisal_Stoch_Adap_OnlyDLM
1.0	2	1.0	1	3575404	Portuguese_2.8	None	forWords_Finnish_OptimizeOrder_Coarse_FineSurprisal_Stoch_Adap_OnlyDLM
1.0	2	1.0	1	3871330	Portuguese_2.8	None	forWords_Finnish_OptimizeOrder_Coarse_FineSurprisal_Stoch_Adap_OnlyDLM
1.0	2	1.0	1	182733	Portuguese_2.8	None	forWords_Finnish_OptimizeOrder_Coarse_FineSurprisal_Stoch_Adap_OnlyDLM
1.0	2	1.0	1	9934902	Portuguese_2.8	None	forWords_Finnish_OptimizeOrder_Coarse_FineSurprisal_Stoch_Adap_OnlyDLM
1.0	2	1.0	1	3504658	Portuguese_2.8	None	forWords_Finnish_OptimizeOrder_Coarse_FineSurprisal_Stoch_Adap_OnlyDLM
1.0	2	1.0	1	8206952	Portuguese_2.8	None	forWords_Finnish_OptimizeOrder_Coarse_FineSurprisal_Stoch_Adap_OnlyDLM
1.0	2	1.0	1	118442	Portuguese_2.8	None	forWords_Finnish_OptimizeOrder_Coarse_FineSurprisal_Stoch_Adap_OnlyDLM
1.0	2	1.0	1	7532576	Portuguese_2.8	None	forWords_Finnish_OptimizeOrder_Coarse_FineSurprisal_Stoch_Adap_OnlyDLM
1.0	2	1.0	1	8300142	Portuguese_2.8	None	forWords_Finnish_OptimizeOrder_Coarse_FineSurprisal_Stoch_Adap_OnlyDLM
1.0	2	1.0	1	4485608	Romanian_2.8	None	forWords_Finnish_OptimizeOrder_Coarse_FineSurprisal_Stoch_Adap_OnlyDLM
1.0	2	1.0	1	319728	Romanian_2.8	None	forWords_Finnish_OptimizeOrder_Coarse_FineSurprisal_Stoch_Adap_OnlyDLM
1.0	2	1.0	1	849831	Romanian_2.8	None	forWords_Finnish_OptimizeOrder_Coarse_FineSurprisal_Stoch_Adap_OnlyDLM
1.0	2	1.0	1	9264735	Romanian_2.8	None	forWords_Finnish_OptimizeOrder_Coarse_FineSurprisal_Stoch_Adap_OnlyDLM
1.0	2	1.0	1	1595427	Romanian_2.8	None	forWords_Finnish_OptimizeOrder_Coarse_FineSurprisal_Stoch_Adap_OnlyDLM
1.0	2	1.0	1	6919566	Romanian_2.8	None	forWords_Finnish_OptimizeOrder_Coarse_FineSurprisal_Stoch_Adap_OnlyDLM
1.0	2	1.0	1	6924223	Romanian_2.8	None	forWords_Finnish_OptimizeOrder_Coarse_FineSurprisal_Stoch_Adap_OnlyDLM
1.0	2	1.0	1	1596342	Romanian_2.8	None	forWords_Finnish_OptimizeOrder_Coarse_FineSurprisal_Stoch_Adap_OnlyDLM
1.0	2	1.0	1	5247057	Romanian_2.8	None	forWords_Finnish_OptimizeOrder_Coarse_FineSurprisal_Stoch_Adap_OnlyDLM
1.0	2	1.0	1	5306499	Romanian_2.8	None	forWords_Finnish_OptimizeOrder_Coarse_FineSurprisal_Stoch_Adap_OnlyDLM
1.0	2	1.0	1	330961	Romanian_2.8	None	forWords_Finnish_OptimizeOrder_Coarse_FineSurprisal_Stoch_Adap_OnlyDLM
1.0	2	1.0	1	5953706	Romanian_2.8	None	forWords_Finnish_OptimizeOrder_Coarse_FineSurprisal_Stoch_Adap_OnlyDLM
1.0	2	1.0	1	5540391	Romanian_2.8	None	forWords_Finnish_OptimizeOrder_Coarse_FineSurprisal_Stoch_Adap_OnlyDLM
1.0	2	1.0	1	4815387	Russian_2.8	None	forWords_Finnish_OptimizeOrder_Coarse_FineSurprisal_Stoch_Adap_OnlyDLM
1.0	2	1.0	1	9835670	Russian_2.8	None	forWords_Finnish_OptimizeOrder_Coarse_FineSurprisal_Stoch_Adap_OnlyDLM
1.0	2	1.0	1	4682906	Russian_2.8	None	forWords_Finnish_OptimizeOrder_Coarse_FineSurprisal_Stoch_Adap_OnlyDLM
1.0	2	1.0	1	9453739	Russian_2.8	None	forWords_Finnish_OptimizeOrder_Coarse_FineSurprisal_Stoch_Adap_OnlyDLM
1.0	2	1.0	1	8251434	Russian_2.8	None	forWords_Finnish_OptimizeOrder_Coarse_FineSurprisal_Stoch_Adap_OnlyDLM
1.0	2	1.0	1	9285434	Russian_2.8	None	forWords_Finnish_OptimizeOrder_Coarse_FineSurprisal_Stoch_Adap_OnlyDLM
1.0	2	1.0	1	6009199	Russian_2.8	None	forWords_Finnish_OptimizeOrder_Coarse_FineSurprisal_Stoch_Adap_OnlyDLM
1.0	2	1.0	1	3389771	Russian_2.8	None	forWords_Finnish_OptimizeOrder_Coarse_FineSurprisal_Stoch_Adap_OnlyDLM
1.0	2	1.0	1	5984174	Russian_2.8	None	forWords_Finnish_OptimizeOrder_Coarse_FineSurprisal_Stoch_Adap_OnlyDLM
1.0	2	1.0	1	4504888	Russian_2.8	None	forWords_Finnish_OptimizeOrder_Coarse_FineSurprisal_Stoch_Adap_OnlyDLM
1.0	2	1.0	1	4622927	Russian_2.8	None	forWords_Finnish_OptimizeOrder_Coarse_FineSurprisal_Stoch_Adap_OnlyDLM
1.0	2	1.0	1	3981251	Sanskrit_2.8	None	forWords_Finnish_OptimizeOrder_Coarse_FineSurprisal_Stoch_Adap_OnlyDLM
1.0	2	1.0	1	3427685	Sanskrit_2.8	None	forWords_Finnish_OptimizeOrder_Coarse_FineSurprisal_Stoch_Adap_OnlyDLM
1.0	2	1.0	1	7784367	Sanskrit_2.8	None	forWords_Finnish_OptimizeOrder_Coarse_FineSurprisal_Stoch_Adap_OnlyDLM
1.0	2	1.0	1	8699415	Sanskrit_2.8	None	forWords_Finnish_OptimizeOrder_Coarse_FineSurprisal_Stoch_Adap_OnlyDLM
1.0	2	1.0	1	7572099	Sanskrit_2.8	None	forWords_Finnish_OptimizeOrder_Coarse_FineSurprisal_Stoch_Adap_OnlyDLM
1.0	2	1.0	1	8100726	Sanskrit_2.8	None	forWords_Finnish_OptimizeOrder_Coarse_FineSurprisal_Stoch_Adap_OnlyDLM
1.0	2	1.0	1	1232642	Sanskrit_2.8	None	forWords_Finnish_OptimizeOrder_Coarse_FineSurprisal_Stoch_Adap_OnlyDLM
1.0	2	1.0	1	4964219	Sanskrit_2.8	None	forWords_Finnish_OptimizeOrder_Coarse_FineSurprisal_Stoch_Adap_OnlyDLM
1.0	2	1.0	1	3497178	Sanskrit_2.8	None	forWords_Finnish_OptimizeOrder_Coarse_FineSurprisal_Stoch_Adap_OnlyDLM
1.0	2	1.0	1	5660207	Sanskrit_2.8	None	forWords_Finnish_OptimizeOrder_Coarse_FineSurprisal_Stoch_Adap_OnlyDLM
1.0	2	1.0	1	4717197	Scottish_Gaelic_2.8	None	forWords_Finnish_OptimizeOrder_Coarse_FineSurprisal_Stoch_Adap_OnlyDLM
1.0	2	1.0	1	7011444	Scottish_Gaelic_2.8	None	forWords_Finnish_OptimizeOrder_Coarse_FineSurprisal_Stoch_Adap_OnlyDLM
1.0	2	1.0	1	494909	Scottish_Gaelic_2.8	None	forWords_Finnish_OptimizeOrder_Coarse_FineSurprisal_Stoch_Adap_OnlyDLM
1.0	2	1.0	1	7950389	Scottish_Gaelic_2.8	None	forWords_Finnish_OptimizeOrder_Coarse_FineSurprisal_Stoch_Adap_OnlyDLM
1.0	2	1.0	1	9310343	Scottish_Gaelic_2.8	None	forWords_Finnish_OptimizeOrder_Coarse_FineSurprisal_Stoch_Adap_OnlyDLM
1.0	2	1.0	1	6210591	Scottish_Gaelic_2.8	None	forWords_Finnish_OptimizeOrder_Coarse_FineSurprisal_Stoch_Adap_OnlyDLM
1.0	2	1.0	1	810205	Scottish_Gaelic_2.8	None	forWords_Finnish_OptimizeOrder_Coarse_FineSurprisal_Stoch_Adap_OnlyDLM
1.0	2	1.0	1	3590777	Scottish_Gaelic_2.8	None	forWords_Finnish_OptimizeOrder_Coarse_FineSurprisal_Stoch_Adap_OnlyDLM
1.0	2	1.0	1	1145324	Scottish_Gaelic_2.8	None	forWords_Finnish_OptimizeOrder_Coarse_FineSurprisal_Stoch_Adap_OnlyDLM
1.0	2	1.0	1	8442246	Scottish_Gaelic_2.8	None	forWords_Finnish_OptimizeOrder_Coarse_FineSurprisal_Stoch_Adap_OnlyDLM
1.0	2	1.0	1	5327606	Serbian_2.8	None	forWords_Finnish_OptimizeOrder_Coarse_FineSurprisal_Stoch_Adap_OnlyDLM
1.0	2	1.0	1	5655476	Serbian_2.8	None	forWords_Finnish_OptimizeOrder_Coarse_FineSurprisal_Stoch_Adap_OnlyDLM
1.0	2	1.0	1	3185201	Serbian_2.8	None	forWords_Finnish_OptimizeOrder_Coarse_FineSurprisal_Stoch_Adap_OnlyDLM
1.0	2	1.0	1	6507361	Serbian_2.8	None	forWords_Finnish_OptimizeOrder_Coarse_FineSurprisal_Stoch_Adap_OnlyDLM
1.0	2	1.0	1	8895278	Serbian_2.8	None	forWords_Finnish_OptimizeOrder_Coarse_FineSurprisal_Stoch_Adap_OnlyDLM
1.0	2	1.0	1	6802853	Serbian_2.8	None	forWords_Finnish_OptimizeOrder_Coarse_FineSurprisal_Stoch_Adap_OnlyDLM
1.0	2	1.0	1	3327141	Serbian_2.8	None	forWords_Finnish_OptimizeOrder_Coarse_FineSurprisal_Stoch_Adap_OnlyDLM
1.0	2	1.0	1	216972	Serbian_2.8	None	forWords_Finnish_OptimizeOrder_Coarse_FineSurprisal_Stoch_Adap_OnlyDLM
1.0	2	1.0	1	3225972	Serbian_2.8	None	forWords_Finnish_OptimizeOrder_Coarse_FineSurprisal_Stoch_Adap_OnlyDLM
1.0	2	1.0	1	2854548	Serbian_2.8	None	forWords_Finnish_OptimizeOrder_Coarse_FineSurprisal_Stoch_Adap_OnlyDLM
1.0	2	1.0	1	3602529	Slovak_2.8	None	forWords_Finnish_OptimizeOrder_Coarse_FineSurprisal_Stoch_Adap_OnlyDLM
1.0	2	1.0	1	2455135	Slovak_2.8	None	forWords_Finnish_OptimizeOrder_Coarse_FineSurprisal_Stoch_Adap_OnlyDLM
1.0	2	1.0	1	9067110	Slovak_2.8	None	forWords_Finnish_OptimizeOrder_Coarse_FineSurprisal_Stoch_Adap_OnlyDLM
1.0	2	1.0	1	8272927	Slovak_2.8	None	forWords_Finnish_OptimizeOrder_Coarse_FineSurprisal_Stoch_Adap_OnlyDLM
1.0	2	1.0	1	1663612	Slovak_2.8	None	forWords_Finnish_OptimizeOrder_Coarse_FineSurprisal_Stoch_Adap_OnlyDLM
1.0	2	1.0	1	1328966	Slovak_2.8	None	forWords_Finnish_OptimizeOrder_Coarse_FineSurprisal_Stoch_Adap_OnlyDLM
1.0	2	1.0	1	8561872	Slovak_2.8	None	forWords_Finnish_OptimizeOrder_Coarse_FineSurprisal_Stoch_Adap_OnlyDLM
1.0	2	1.0	1	2672959	Slovak_2.8	None	forWords_Finnish_OptimizeOrder_Coarse_FineSurprisal_Stoch_Adap_OnlyDLM
1.0	2	1.0	1	5618209	Slovak_2.8	None	forWords_Finnish_OptimizeOrder_Coarse_FineSurprisal_Stoch_Adap_OnlyDLM
1.0	2	1.0	1	8462130	Slovak_2.8	None	forWords_Finnish_OptimizeOrder_Coarse_FineSurprisal_Stoch_Adap_OnlyDLM
1.0	2	1.0	1	8775295	Slovenian_2.8	None	forWords_Finnish_OptimizeOrder_Coarse_FineSurprisal_Stoch_Adap_OnlyDLM
1.0	2	1.0	1	3234719	Slovenian_2.8	None	forWords_Finnish_OptimizeOrder_Coarse_FineSurprisal_Stoch_Adap_OnlyDLM
1.0	2	1.0	1	1366594	Slovenian_2.8	None	forWords_Finnish_OptimizeOrder_Coarse_FineSurprisal_Stoch_Adap_OnlyDLM
1.0	2	1.0	1	4582297	Slovenian_2.8	None	forWords_Finnish_OptimizeOrder_Coarse_FineSurprisal_Stoch_Adap_OnlyDLM
1.0	2	1.0	1	7775442	Slovenian_2.8	None	forWords_Finnish_OptimizeOrder_Coarse_FineSurprisal_Stoch_Adap_OnlyDLM
1.0	2	1.0	1	7329435	Slovenian_2.8	None	forWords_Finnish_OptimizeOrder_Coarse_FineSurprisal_Stoch_Adap_OnlyDLM
1.0	2	1.0	1	2374330	Slovenian_2.8	None	forWords_Finnish_OptimizeOrder_Coarse_FineSurprisal_Stoch_Adap_OnlyDLM
1.0	2	1.0	1	1760786	Slovenian_2.8	None	forWords_Finnish_OptimizeOrder_Coarse_FineSurprisal_Stoch_Adap_OnlyDLM
1.0	2	1.0	1	4658262	Slovenian_2.8	None	forWords_Finnish_OptimizeOrder_Coarse_FineSurprisal_Stoch_Adap_OnlyDLM
1.0	2	1.0	1	7014009	Slovenian_2.8	None	forWords_Finnish_OptimizeOrder_Coarse_FineSurprisal_Stoch_Adap_OnlyDLM
1.0	2	1.0	1	7049408	Slovenian_2.8	None	forWords_Finnish_OptimizeOrder_Coarse_FineSurprisal_Stoch_Adap_OnlyDLM
1.0	2	1.0	1	6023324	Spanish_2.8	None	forWords_Finnish_OptimizeOrder_Coarse_FineSurprisal_Stoch_Adap_OnlyDLM
1.0	2	1.0	1	892574	Spanish_2.8	None	forWords_Finnish_OptimizeOrder_Coarse_FineSurprisal_Stoch_Adap_OnlyDLM
1.0	2	1.0	1	1732398	Spanish_2.8	None	forWords_Finnish_OptimizeOrder_Coarse_FineSurprisal_Stoch_Adap_OnlyDLM
1.0	2	1.0	1	4382948	Spanish_2.8	None	forWords_Finnish_OptimizeOrder_Coarse_FineSurprisal_Stoch_Adap_OnlyDLM
1.0	2	1.0	1	2442260	Spanish_2.8	None	forWords_Finnish_OptimizeOrder_Coarse_FineSurprisal_Stoch_Adap_OnlyDLM
1.0	2	1.0	1	3251401	Spanish_2.8	None	forWords_Finnish_OptimizeOrder_Coarse_FineSurprisal_Stoch_Adap_OnlyDLM
1.0	2	1.0	1	1444710	Spanish_2.8	None	forWords_Finnish_OptimizeOrder_Coarse_FineSurprisal_Stoch_Adap_OnlyDLM
1.0	2	1.0	1	3106826	Spanish_2.8	None	forWords_Finnish_OptimizeOrder_Coarse_FineSurprisal_Stoch_Adap_OnlyDLM
1.0	2	1.0	1	9437277	Spanish_2.8	None	forWords_Finnish_OptimizeOrder_Coarse_FineSurprisal_Stoch_Adap_OnlyDLM
1.0	2	1.0	1	9530969	Spanish_2.8	None	forWords_Finnish_OptimizeOrder_Coarse_FineSurprisal_Stoch_Adap_OnlyDLM
1.0	2	1.0	1	2247753	Swedish_2.8	None	forWords_Finnish_OptimizeOrder_Coarse_FineSurprisal_Stoch_Adap_OnlyDLM
1.0	2	1.0	1	2921127	Swedish_2.8	None	forWords_Finnish_OptimizeOrder_Coarse_FineSurprisal_Stoch_Adap_OnlyDLM
1.0	2	1.0	1	6378540	Swedish_2.8	None	forWords_Finnish_OptimizeOrder_Coarse_FineSurprisal_Stoch_Adap_OnlyDLM
1.0	2	1.0	1	7341054	Swedish_2.8	None	forWords_Finnish_OptimizeOrder_Coarse_FineSurprisal_Stoch_Adap_OnlyDLM
1.0	2	1.0	1	9206926	Swedish_2.8	None	forWords_Finnish_OptimizeOrder_Coarse_FineSurprisal_Stoch_Adap_OnlyDLM
1.0	2	1.0	1	7169753	Swedish_2.8	None	forWords_Finnish_OptimizeOrder_Coarse_FineSurprisal_Stoch_Adap_OnlyDLM
1.0	2	1.0	1	3403802	Swedish_2.8	None	forWords_Finnish_OptimizeOrder_Coarse_FineSurprisal_Stoch_Adap_OnlyDLM
1.0	2	1.0	1	7894576	Swedish_2.8	None	forWords_Finnish_OptimizeOrder_Coarse_FineSurprisal_Stoch_Adap_OnlyDLM
1.0	2	1.0	1	6917754	Swedish_2.8	None	forWords_Finnish_OptimizeOrder_Coarse_FineSurprisal_Stoch_Adap_OnlyDLM
1.0	2	1.0	1	1630250	Swedish_2.8	None	forWords_Finnish_OptimizeOrder_Coarse_FineSurprisal_Stoch_Adap_OnlyDLM
1.0	2	1.0	1	3833726	Swedish_2.8	None	forWords_Finnish_OptimizeOrder_Coarse_FineSurprisal_Stoch_Adap_OnlyDLM
1.0	2	1.0	1	2996199	Thai_2.8	None	forWords_Finnish_OptimizeOrder_Coarse_FineSurprisal_Stoch_Adap_OnlyDLM
1.0	2	1.0	1	9952611	Thai_2.8	None	forWords_Finnish_OptimizeOrder_Coarse_FineSurprisal_Stoch_Adap_OnlyDLM
1.0	2	1.0	1	6415766	Thai_2.8	None	forWords_Finnish_OptimizeOrder_Coarse_FineSurprisal_Stoch_Adap_OnlyDLM
1.0	2	1.0	1	5812483	Thai_2.8	None	forWords_Finnish_OptimizeOrder_Coarse_FineSurprisal_Stoch_Adap_OnlyDLM
1.0	2	1.0	1	9857178	Thai_2.8	None	forWords_Finnish_OptimizeOrder_Coarse_FineSurprisal_Stoch_Adap_OnlyDLM
1.0	2	1.0	1	936917	Thai_2.8	None	forWords_Finnish_OptimizeOrder_Coarse_FineSurprisal_Stoch_Adap_OnlyDLM
1.0	2	1.0	1	8984756	Thai_2.8	None	forWords_Finnish_OptimizeOrder_Coarse_FineSurprisal_Stoch_Adap_OnlyDLM
1.0	2	1.0	1	5125026	Thai_2.8	None	forWords_Finnish_OptimizeOrder_Coarse_FineSurprisal_Stoch_Adap_OnlyDLM
1.0	2	1.0	1	4251416	Thai_2.8	None	forWords_Finnish_OptimizeOrder_Coarse_FineSurprisal_Stoch_Adap_OnlyDLM
1.0	2	1.0	1	7898867	Thai_2.8	None	forWords_Finnish_OptimizeOrder_Coarse_FineSurprisal_Stoch_Adap_OnlyDLM
1.0	2	1.0	1	3221872	Thai_2.8	None	forWords_Finnish_OptimizeOrder_Coarse_FineSurprisal_Stoch_Adap_OnlyDLM
1.0	2	1.0	1	8335891	Turkish_2.8	None	forWords_Finnish_OptimizeOrder_Coarse_FineSurprisal_Stoch_Adap_OnlyDLM
1.0	2	1.0	1	940688	Turkish_2.8	None	forWords_Finnish_OptimizeOrder_Coarse_FineSurprisal_Stoch_Adap_OnlyDLM
1.0	2	1.0	1	6780321	Turkish_2.8	None	forWords_Finnish_OptimizeOrder_Coarse_FineSurprisal_Stoch_Adap_OnlyDLM
1.0	2	1.0	1	5297941	Turkish_2.8	None	forWords_Finnish_OptimizeOrder_Coarse_FineSurprisal_Stoch_Adap_OnlyDLM
1.0	2	1.0	1	4648687	Turkish_2.8	None	forWords_Finnish_OptimizeOrder_Coarse_FineSurprisal_Stoch_Adap_OnlyDLM
1.0	2	1.0	1	5163898	Turkish_2.8	None	forWords_Finnish_OptimizeOrder_Coarse_FineSurprisal_Stoch_Adap_OnlyDLM
1.0	2	1.0	1	7965813	Turkish_2.8	None	forWords_Finnish_OptimizeOrder_Coarse_FineSurprisal_Stoch_Adap_OnlyDLM
1.0	2	1.0	1	992418	Turkish_2.8	None	forWords_Finnish_OptimizeOrder_Coarse_FineSurprisal_Stoch_Adap_OnlyDLM
1.0	2	1.0	1	8188193	Turkish_2.8	None	forWords_Finnish_OptimizeOrder_Coarse_FineSurprisal_Stoch_Adap_OnlyDLM
1.0	2	1.0	1	4865281	Turkish_2.8	None	forWords_Finnish_OptimizeOrder_Coarse_FineSurprisal_Stoch_Adap_OnlyDLM
1.0	2	1.0	1	148727	Ukrainian_2.8	None	forWords_Finnish_OptimizeOrder_Coarse_FineSurprisal_Stoch_Adap_OnlyDLM
1.0	2	1.0	1	7045155	Ukrainian_2.8	None	forWords_Finnish_OptimizeOrder_Coarse_FineSurprisal_Stoch_Adap_OnlyDLM
1.0	2	1.0	1	2112572	Ukrainian_2.8	None	forWords_Finnish_OptimizeOrder_Coarse_FineSurprisal_Stoch_Adap_OnlyDLM
1.0	2	1.0	1	4374564	Ukrainian_2.8	None	forWords_Finnish_OptimizeOrder_Coarse_FineSurprisal_Stoch_Adap_OnlyDLM
1.0	2	1.0	1	2422809	Ukrainian_2.8	None	forWords_Finnish_OptimizeOrder_Coarse_FineSurprisal_Stoch_Adap_OnlyDLM
1.0	2	1.0	1	8622658	Ukrainian_2.8	None	forWords_Finnish_OptimizeOrder_Coarse_FineSurprisal_Stoch_Adap_OnlyDLM
1.0	2	1.0	1	8827594	Ukrainian_2.8	None	forWords_Finnish_OptimizeOrder_Coarse_FineSurprisal_Stoch_Adap_OnlyDLM
1.0	2	1.0	1	1386140	Ukrainian_2.8	None	forWords_Finnish_OptimizeOrder_Coarse_FineSurprisal_Stoch_Adap_OnlyDLM
1.0	2	1.0	1	4792478	Ukrainian_2.8	None	forWords_Finnish_OptimizeOrder_Coarse_FineSurprisal_Stoch_Adap_OnlyDLM
1.0	2	1.0	1	1664183	Ukrainian_2.8	None	forWords_Finnish_OptimizeOrder_Coarse_FineSurprisal_Stoch_Adap_OnlyDLM
1.0	2	1.0	1	7263322	Ukrainian_2.8	None	forWords_Finnish_OptimizeOrder_Coarse_FineSurprisal_Stoch_Adap_OnlyDLM
1.0	2	1.0	1	5355197	Ukrainian_2.8	None	forWords_Finnish_OptimizeOrder_Coarse_FineSurprisal_Stoch_Adap_OnlyDLM
1.0	2	1.0	1	8683950	Ukrainian_2.8	None	forWords_Finnish_OptimizeOrder_Coarse_FineSurprisal_Stoch_Adap_OnlyDLM
1.0	2	1.0	1	8089371	Upper_Sorbian_2.8	None	forWords_Finnish_OptimizeOrder_Coarse_FineSurprisal_Stoch_Adap_OnlyDLM
1.0	2	1.0	1	5533092	Upper_Sorbian_2.8	None	forWords_Finnish_OptimizeOrder_Coarse_FineSurprisal_Stoch_Adap_OnlyDLM
1.0	2	1.0	1	3550478	Upper_Sorbian_2.8	None	forWords_Finnish_OptimizeOrder_Coarse_FineSurprisal_Stoch_Adap_OnlyDLM
1.0	2	1.0	1	4370421	Upper_Sorbian_2.8	None	forWords_Finnish_OptimizeOrder_Coarse_FineSurprisal_Stoch_Adap_OnlyDLM
1.0	2	1.0	1	928417	Upper_Sorbian_2.8	None	forWords_Finnish_OptimizeOrder_Coarse_FineSurprisal_Stoch_Adap_OnlyDLM
1.0	2	1.0	1	6663478	Upper_Sorbian_2.8	None	forWords_Finnish_OptimizeOrder_Coarse_FineSurprisal_Stoch_Adap_OnlyDLM
1.0	2	1.0	1	6248149	Upper_Sorbian_2.8	None	forWords_Finnish_OptimizeOrder_Coarse_FineSurprisal_Stoch_Adap_OnlyDLM
1.0	2	1.0	1	6782342	Upper_Sorbian_2.8	None	forWords_Finnish_OptimizeOrder_Coarse_FineSurprisal_Stoch_Adap_OnlyDLM
1.0	2	1.0	1	2804933	Upper_Sorbian_2.8	None	forWords_Finnish_OptimizeOrder_Coarse_FineSurprisal_Stoch_Adap_OnlyDLM
1.0	2	1.0	1	5499243	Upper_Sorbian_2.8	None	forWords_Finnish_OptimizeOrder_Coarse_FineSurprisal_Stoch_Adap_OnlyDLM
1.0	2	1.0	1	3760833	Urdu_2.8	None	forWords_Finnish_OptimizeOrder_Coarse_FineSurprisal_Stoch_Adap_OnlyDLM
1.0	2	1.0	1	9355494	Urdu_2.8	None	forWords_Finnish_OptimizeOrder_Coarse_FineSurprisal_Stoch_Adap_OnlyDLM
1.0	2	1.0	1	9263070	Urdu_2.8	None	forWords_Finnish_OptimizeOrder_Coarse_FineSurprisal_Stoch_Adap_OnlyDLM
1.0	2	1.0	1	9495049	Urdu_2.8	None	forWords_Finnish_OptimizeOrder_Coarse_FineSurprisal_Stoch_Adap_OnlyDLM
1.0	2	1.0	1	6681077	Urdu_2.8	None	forWords_Finnish_OptimizeOrder_Coarse_FineSurprisal_Stoch_Adap_OnlyDLM
1.0	2	1.0	1	8665350	Urdu_2.8	None	forWords_Finnish_OptimizeOrder_Coarse_FineSurprisal_Stoch_Adap_OnlyDLM
1.0	2	1.0	1	792261	Urdu_2.8	None	forWords_Finnish_OptimizeOrder_Coarse_FineSurprisal_Stoch_Adap_OnlyDLM
1.0	2	1.0	1	8470419	Urdu_2.8	None	forWords_Finnish_OptimizeOrder_Coarse_FineSurprisal_Stoch_Adap_OnlyDLM
1.0	2	1.0	1	6794506	Urdu_2.8	None	forWords_Finnish_OptimizeOrder_Coarse_FineSurprisal_Stoch_Adap_OnlyDLM
1.0	2	1.0	1	4067479	Urdu_2.8	None	forWords_Finnish_OptimizeOrder_Coarse_FineSurprisal_Stoch_Adap_OnlyDLM
1.0	2	1.0	1	1862	Uyghur_2.8	None	forWords_Finnish_OptimizeOrder_Coarse_FineSurprisal_Stoch_Adap_OnlyDLM
1.0	2	1.0	1	2534180	Uyghur_2.8	None	forWords_Finnish_OptimizeOrder_Coarse_FineSurprisal_Stoch_Adap_OnlyDLM
1.0	2	1.0	1	1660677	Uyghur_2.8	None	forWords_Finnish_OptimizeOrder_Coarse_FineSurprisal_Stoch_Adap_OnlyDLM
1.0	2	1.0	1	8633976	Uyghur_2.8	None	forWords_Finnish_OptimizeOrder_Coarse_FineSurprisal_Stoch_Adap_OnlyDLM
1.0	2	1.0	1	3439156	Uyghur_2.8	None	forWords_Finnish_OptimizeOrder_Coarse_FineSurprisal_Stoch_Adap_OnlyDLM
1.0	2	1.0	1	4180328	Uyghur_2.8	None	forWords_Finnish_OptimizeOrder_Coarse_FineSurprisal_Stoch_Adap_OnlyDLM
1.0	2	1.0	1	3730653	Uyghur_2.8	None	forWords_Finnish_OptimizeOrder_Coarse_FineSurprisal_Stoch_Adap_OnlyDLM
1.0	2	1.0	1	9689382	Uyghur_2.8	None	forWords_Finnish_OptimizeOrder_Coarse_FineSurprisal_Stoch_Adap_OnlyDLM
1.0	2	1.0	1	4881458	Uyghur_2.8	None	forWords_Finnish_OptimizeOrder_Coarse_FineSurprisal_Stoch_Adap_OnlyDLM
1.0	2	1.0	1	1382982	Uyghur_2.8	None	forWords_Finnish_OptimizeOrder_Coarse_FineSurprisal_Stoch_Adap_OnlyDLM
1.0	2	1.0	1	769482	Vietnamese_2.8	None	forWords_Finnish_OptimizeOrder_Coarse_FineSurprisal_Stoch_Adap_OnlyDLM
1.0	2	1.0	1	404519	Vietnamese_2.8	None	forWords_Finnish_OptimizeOrder_Coarse_FineSurprisal_Stoch_Adap_OnlyDLM
1.0	2	1.0	1	4273564	Vietnamese_2.8	None	forWords_Finnish_OptimizeOrder_Coarse_FineSurprisal_Stoch_Adap_OnlyDLM
1.0	2	1.0	1	9219843	Vietnamese_2.8	None	forWords_Finnish_OptimizeOrder_Coarse_FineSurprisal_Stoch_Adap_OnlyDLM
1.0	2	1.0	1	6501205	Vietnamese_2.8	None	forWords_Finnish_OptimizeOrder_Coarse_FineSurprisal_Stoch_Adap_OnlyDLM
1.0	2	1.0	1	8065832	Vietnamese_2.8	None	forWords_Finnish_OptimizeOrder_Coarse_FineSurprisal_Stoch_Adap_OnlyDLM
1.0	2	1.0	1	6949320	Vietnamese_2.8	None	forWords_Finnish_OptimizeOrder_Coarse_FineSurprisal_Stoch_Adap_OnlyDLM
1.0	2	1.0	1	5705917	Vietnamese_2.8	None	forWords_Finnish_OptimizeOrder_Coarse_FineSurprisal_Stoch_Adap_OnlyDLM
1.0	2	1.0	1	9398178	Vietnamese_2.8	None	forWords_Finnish_OptimizeOrder_Coarse_FineSurprisal_Stoch_Adap_OnlyDLM
1.0	2	1.0	1	8622978	Vietnamese_2.8	None	forWords_Finnish_OptimizeOrder_Coarse_FineSurprisal_Stoch_Adap_OnlyDLM
1.0	2	1.0	1	4079730	Vietnamese_2.8	None	forWords_Finnish_OptimizeOrder_Coarse_FineSurprisal_Stoch_Adap_OnlyDLM
1.0	2	1.0	1	4568253	Vietnamese_2.8	None	forWords_Finnish_OptimizeOrder_Coarse_FineSurprisal_Stoch_Adap_OnlyDLM
1.0	2	1.0	1	7853663	Welsh_2.8	None	forWords_Finnish_OptimizeOrder_Coarse_FineSurprisal_Stoch_Adap_OnlyDLM
1.0	2	1.0	1	289785	Welsh_2.8	None	forWords_Finnish_OptimizeOrder_Coarse_FineSurprisal_Stoch_Adap_OnlyDLM
1.0	2	1.0	1	1604514	Welsh_2.8	None	forWords_Finnish_OptimizeOrder_Coarse_FineSurprisal_Stoch_Adap_OnlyDLM
1.0	2	1.0	1	4914269	Welsh_2.8	None	forWords_Finnish_OptimizeOrder_Coarse_FineSurprisal_Stoch_Adap_OnlyDLM
1.0	2	1.0	1	8906393	Welsh_2.8	None	forWords_Finnish_OptimizeOrder_Coarse_FineSurprisal_Stoch_Adap_OnlyDLM
1.0	2	1.0	1	8286424	Welsh_2.8	None	forWords_Finnish_OptimizeOrder_Coarse_FineSurprisal_Stoch_Adap_OnlyDLM
1.0	2	1.0	1	6167862	Welsh_2.8	None	forWords_Finnish_OptimizeOrder_Coarse_FineSurprisal_Stoch_Adap_OnlyDLM
1.0	2	1.0	1	2305259	Welsh_2.8	None	forWords_Finnish_OptimizeOrder_Coarse_FineSurprisal_Stoch_Adap_OnlyDLM
1.0	2	1.0	1	3306414	Welsh_2.8	None	forWords_Finnish_OptimizeOrder_Coarse_FineSurprisal_Stoch_Adap_OnlyDLM
1.0	2	1.0	1	3731445	Welsh_2.8	None	forWords_Finnish_OptimizeOrder_Coarse_FineSurprisal_Stoch_Adap_OnlyDLM
1.0	2	1.0	1	5195152	Western_Armenian_2.8	None	forWords_Finnish_OptimizeOrder_Coarse_FineSurprisal_Stoch_Adap_OnlyDLM
1.0	2	1.0	1	6363605	Western_Armenian_2.8	None	forWords_Finnish_OptimizeOrder_Coarse_FineSurprisal_Stoch_Adap_OnlyDLM
1.0	2	1.0	1	6902198	Western_Armenian_2.8	None	forWords_Finnish_OptimizeOrder_Coarse_FineSurprisal_Stoch_Adap_OnlyDLM
1.0	2	1.0	1	6410123	Western_Armenian_2.8	None	forWords_Finnish_OptimizeOrder_Coarse_FineSurprisal_Stoch_Adap_OnlyDLM
1.0	2	1.0	1	3113332	Western_Armenian_2.8	None	forWords_Finnish_OptimizeOrder_Coarse_FineSurprisal_Stoch_Adap_OnlyDLM
1.0	2	1.0	1	7520005	Western_Armenian_2.8	None	forWords_Finnish_OptimizeOrder_Coarse_FineSurprisal_Stoch_Adap_OnlyDLM
1.0	2	1.0	1	6086455	Western_Armenian_2.8	None	forWords_Finnish_OptimizeOrder_Coarse_FineSurprisal_Stoch_Adap_OnlyDLM
1.0	2	1.0	1	7324529	Western_Armenian_2.8	None	forWords_Finnish_OptimizeOrder_Coarse_FineSurprisal_Stoch_Adap_OnlyDLM
1.0	2	1.0	1	2088482	Western_Armenian_2.8	None	forWords_Finnish_OptimizeOrder_Coarse_FineSurprisal_Stoch_Adap_OnlyDLM
1.0	2	1.0	1	2688118	Western_Armenian_2.8	None	forWords_Finnish_OptimizeOrder_Coarse_FineSurprisal_Stoch_Adap_OnlyDLM
1.0	2	1.0	1	6675033	Western_Armenian_2.8	None	forWords_Finnish_OptimizeOrder_Coarse_FineSurprisal_Stoch_Adap_OnlyDLM
1.0	2	1.0	1	4631937	Western_Armenian_2.8	None	forWords_Finnish_OptimizeOrder_Coarse_FineSurprisal_Stoch_Adap_OnlyDLM
1.0	2	1.0	1	2807479	Western_Armenian_2.8	None	forWords_Finnish_OptimizeOrder_Coarse_FineSurprisal_Stoch_Adap_OnlyDLM
1.0	2	1.0	1	1654226	Western_Armenian_2.8	None	forWords_Finnish_OptimizeOrder_Coarse_FineSurprisal_Stoch_Adap_OnlyDLM
1.0	2	1.0	1	4808924	Western_Armenian_2.8	None	forWords_Finnish_OptimizeOrder_Coarse_FineSurprisal_Stoch_Adap_OnlyDLM
1.0	2	1.0	1	9386722	Wolof_2.8	None	forWords_Finnish_OptimizeOrder_Coarse_FineSurprisal_Stoch_Adap_OnlyDLM
1.0	2	1.0	1	2056075	Wolof_2.8	None	forWords_Finnish_OptimizeOrder_Coarse_FineSurprisal_Stoch_Adap_OnlyDLM
1.0	2	1.0	1	8247652	Wolof_2.8	None	forWords_Finnish_OptimizeOrder_Coarse_FineSurprisal_Stoch_Adap_OnlyDLM
1.0	2	1.0	1	3981445	Wolof_2.8	None	forWords_Finnish_OptimizeOrder_Coarse_FineSurprisal_Stoch_Adap_OnlyDLM
1.0	2	1.0	1	7912413	Wolof_2.8	None	forWords_Finnish_OptimizeOrder_Coarse_FineSurprisal_Stoch_Adap_OnlyDLM
1.0	2	1.0	1	9395980	Wolof_2.8	None	forWords_Finnish_OptimizeOrder_Coarse_FineSurprisal_Stoch_Adap_OnlyDLM
1.0	2	1.0	1	1777741	Wolof_2.8	None	forWords_Finnish_OptimizeOrder_Coarse_FineSurprisal_Stoch_Adap_OnlyDLM
1.0	2	1.0	1	9133757	Wolof_2.8	None	forWords_Finnish_OptimizeOrder_Coarse_FineSurprisal_Stoch_Adap_OnlyDLM
1.0	2	1.0	1	2109505	Wolof_2.8	None	forWords_Finnish_OptimizeOrder_Coarse_FineSurprisal_Stoch_Adap_OnlyDLM
1.0	2	1.0	1	7842307	Wolof_2.8	None	forWords_Finnish_OptimizeOrder_Coarse_FineSurprisal_Stoch_Adap_OnlyDLM
